순위,영화명,개봉일,매출액 ,매출액 점유율,관객수,스크린수,대표국적,국적,배급사
1,범죄도시2,2022-05-18,131295679478 ,0.208,12693175,2498,한국,한국,"주식회사 에이비오엔터테인먼트,플러스엠 엔터테인먼트"
2,한산: 용의 출현,2022-07-27,73700628377 ,0.117,7264934,2223,한국,한국,롯데컬처웍스(주)롯데엔터테인먼트
3,공조2: 인터내셔날,2022-09-07,70916352586 ,0.113,6982840,2389,한국,한국,(주)씨제이이엔엠
4,헌트,2022-08-10,44600858153 ,0.071,4352390,1625,한국,한국,플러스엠 엔터테인먼트
5,올빼미,2022-11-23,31769067550 ,0.05,3222767,1541,한국,한국,(주)넥스트엔터테인먼트월드(NEW)
6,마녀(魔女) Part2. The Other One,2022-06-15,28922488670 ,0.046,2806501,1796,한국,한국,(주)넥스트엔터테인먼트월드(NEW)
7,비상선언,2022-08-03,20926361328 ,0.033,2058762,1734,한국,한국,(주)쇼박스
8,육사오(6/45),2022-08-24,19791166880 ,0.031,1980769,1159,한국,한국,"(주)홈초이스,(주)싸이더스"
9,헤어질 결심,2022-06-29,19642291589 ,0.031,1893954,1374,한국,한국,(주)씨제이이엔엠
10,외계+인 1부,2022-07-20,15987826548 ,0.025,1538504,1959,한국,한국,(주)씨제이이엔엠
11,영웅,2022-12-21,14534225323 ,0.023,1487679,1314,한국,한국,(주)씨제이이엔엠
12,해적: 도깨비 깃발,2022-01-26,12523963990 ,0.02,1339242,1708,한국,한국,롯데컬처웍스(주)롯데엔터테인먼트
13,브로커,2022-06-08,12586786030 ,0.02,1261131,1594,한국,한국,(주)씨제이이엔엠
14,인생은 아름다워,2022-09-28,10898038019 ,0.017,1171602,1285,한국,한국,롯데컬처웍스(주)롯데엔터테인먼트
15,데시벨,2022-11-16,8846169146 ,0.014,900654,1152,한국,한국,(주)마인드마크
16,정직한 후보2,2022-09-28,8446139162 ,0.013,899684,1318,한국,한국,(주)넥스트엔터테인먼트월드(NEW)
17,킹메이커,2022-01-26,7313720610 ,0.012,775583,1185,한국,한국,플러스엠 엔터테인먼트
18,자백,2022-10-26,7352559230 ,0.012,738120,1115,한국,한국,롯데컬처웍스(주)롯데엔터테인먼트
19,경관의 피,2022-01-05,6687389520 ,0.011,679503,1187,한국,한국,(주)에이스메이커무비웍스
20,압꾸정,2022-11-30,5722751661 ,0.009,608197,1229,한국,한국,(주)쇼박스
21,이상한 나라의 수학자,2022-03-09,5044868520 ,0.008,534216,1357,한국,한국,(주)쇼박스
22,동감,2022-11-16,4755257700 ,0.008,490145,1013,한국,한국,씨제이 씨지브이(CJ CGV)(주)
23,늑대사냥,2022-09-21,4769650393 ,0.008,458720,1226,한국,한국,"TCO(주)더콘텐츠온,씨제이 씨지브이(CJ CGV)(주)"
24,뽀로로 극장판 드래곤캐슬 대모험,2022-07-28,4191306075 ,0.007,447571,748,한국,한국,(주)넥스트엔터테인먼트월드(NEW)
25,특송,2022-01-12,4172193200 ,0.007,443177,996,한국,한국,(주)넥스트엔터테인먼트월드(NEW)
26,니 부모 얼굴이 보고 싶다,2022-04-27,3948625280 ,0.006,416374,1008,한국,한국,(주)마인드마크
27,리멤버,2022-10-26,3969817717 ,0.006,412778,1189,한국,한국,(주)에이스메이커무비웍스
28,뜨거운 피,2022-03-23,3782750970 ,0.006,398090,1279,한국,한국,"(주)스튜디오디에이치엘,(주)키다리스튜디오"
29,신비아파트 극장판 차원도깨비와 7개의 세계,2022-12-14,3417319076 ,0.005,356783,665,한국,한국,(주)씨제이이엔엠
30,탄생,2022-11-30,3027962441 ,0.005,335938,670,한국,한국,"씨제이 씨지브이(CJ CGV)(주),(주)레드아이스 엔터테인먼트"
31,그대가 조국,2022-05-25,3109424870 ,0.005,333541,601,한국,한국,(주)엣나인필름
32,극장판 헬로카봇: 수상한 마술단의 비밀,2022-09-28,2140400817 ,0.003,228380,790,한국,한국,롯데컬처웍스(주)롯데엔터테인먼트
33,극장판 뽀로로와 친구들: 바이러스를 없애줘!,2022-12-01,1740432400 ,0.003,193344,380,한국,한국,(주)넥스트엔터테인먼트월드(NEW)
34,극장판 엄마 까투리: 도시로 간 까투리 가족,2022-09-08,1597219099 ,0.003,172165,616,한국,한국,(주)넥스트엔터테인먼트월드(NEW)
35,앵커,2022-04-20,1651791610 ,0.003,171255,1032,한국,한국,(주)에이스메이커무비웍스
36,공기살인,2022-04-22,1473339250 ,0.002,158265,756,한국,한국,"TCO(주)더콘텐츠온,씨제이 씨지브이(CJ CGV)(주)"
37,젠틀맨,2022-12-28,1421084655 ,0.002,152558,751,한국,한국,플러스엠 엔터테인먼트
38,해피 뉴 이어,2021-12-29,1183820530 ,0.002,122596,832,한국,한국,"(주)씨제이이엔엠,주식회사 티빙"
39,극장판 안녕 자두야: 제주도의 비밀,2022-01-27,1068187980 ,0.002,121169,618,한국,한국,(주)씨제이이엔엠
40,서울괴담,2022-04-27,1076281490 ,0.002,112725,474,한국,한국,플러스엠 엔터테인먼트
41,스텔라,2022-04-06,853798300 ,0.001,94213,690,한국,한국,씨제이 씨지브이(CJ CGV)(주)
42,인민을 위해 복무하라,2022-02-23,709334190 ,0.001,79105,598,한국,한국,(주)제이앤씨미디어그룹
43,리미트,2022-08-31,637399902 ,0.001,68097,687,한국,한국,"TCO(주)더콘텐츠온,(주)제이앤씨미디어그룹"
44,대무가,2022-10-12,571289256 ,0.001,63431,587,한국,한국,"판씨네마(주),(주)케이티알파"
45,엔시티 드림 더 무비 : 인 어 드림,2022-11-30,1239999100 ,0.002,62018,103,한국,한국,씨제이포디플렉스 주식회사
46,더 킬러: 죽어도 되는 아이,2022-07-13,601780660 ,0.001,60175,314,한국,한국,"(주)아이에이치큐,(주)영화사 륙,(주)씨네필운"
47,시맨틱 에러: 더 무비,2022-08-31,656057000 ,0.001,59314,57,한국,한국,주식회사 왓챠
48,고고다이노 극장판: 얼음공룡의 비밀,2022-10-05,493898813 ,0.001,54143,531,한국,한국,"(주)넥스트엔터테인먼트월드(NEW),(주)블루라벨픽쳐스"
49,인생은 뷰티풀: 비타돌체,2022-09-07,1667323500 ,0.003,52969,107,한국,한국,"씨제이 씨지브이(CJ CGV)(주),씨제이포디플렉스 주식회사"
50,컴백홈,2022-10-05,455749079 ,0.001,51404,603,한국,한국,(주)제이앤씨미디어그룹
51,세븐틴 파워 오브 러브 : 더 무비,2022-04-20,967402500 ,0.002,48383,151,한국,한국,"씨제이포디플렉스 주식회사,CGV ICECON"
52,귀못,2022-10-19,358073700 ,0.001,42342,208,한국,한국,와이드 릴리즈(주)
53,나의 촛불,2022-02-10,405835950 ,0.001,42123,294,한국,한국,트윈플러스파트너스(주)
54,핑크퐁 시네마 콘서트 2: 원더스타 콘서트 대작전,2022-12-21,380725121 ,0.001,40774,432,한국,한국,(주)넥스트엔터테인먼트월드(NEW)
55,"아치의 노래, 정태춘",2022-05-18,333236210 ,0.001,35094,149,한국,한국,(주)넥스트엔터테인먼트월드(NEW)
56,뒤틀린 집,2022-07-13,331549100 ,0.001,34886,156,한국,한국,(주)스튜디오디에이치엘
57,봄날,2022-04-27,239876830 ,0,34236,455,한국,한국,(주)콘텐츠판다
58,극장판 윌벤져스 : 수상한 캠핑 대소동,2022-06-23,293037800 ,0,29432,110,한국,한국,(주)대교 미디어콘텐츠사업본부
59,쥬라기캅스 극장판: 공룡시대 대모험,2022-09-07,245577088 ,0,26805,453,한국,한국,플러스엠 엔터테인먼트
60,안녕하세요,2022-05-25,183017360 ,0,25140,297,한국,한국,(주)디스테이션
61,고속도로 가족,2022-11-02,196624100 ,0,24489,222,한국,한국,씨제이 씨지브이(CJ CGV)(주)
62,극장판 검정고무신 : 즐거운 나의 집,2022-10-06,219406100 ,0,24465,232,한국,한국,"(주)대교 미디어콘텐츠사업본부,(주)블루라벨픽쳐스"
63,크리스마스 캐럴,2022-12-07,227011380 ,0,24235,410,한국,한국,(주)디스테이션
64,어부바,2022-05-11,188826470 ,0,24216,327,한국,한국,(주)트리플픽쳐스
65,카시오페아,2022-06-01,211000300 ,0,24165,175,한국,한국,(주)트리플픽쳐스
66,뿌까의 짜장면파티,2022-07-04,143231500 ,0,23741,11,한국,한국,(주)에픽캔
67,유포자들,2022-11-23,154485500 ,0,23682,123,한국,한국,와이드 릴리즈(주)
68,스위치,2023-01-04,220588884 ,0,23148,912,한국,한국,롯데컬처웍스(주)롯데엔터테인먼트
69,비욘드라이브 더 무비 : 엔시티 레조넌스,2022-01-12,339307500 ,0.001,22621,34,한국,한국,씨제이 씨지브이(CJ CGV)(주)
70,프린세스 아야,2022-09-21,162670896 ,0,20761,348,한국,한국,씨제이 씨지브이(CJ CGV)(주)
71,말임씨를 부탁해,2022-04-13,155380670 ,0,20467,197,한국,한국,(주)씨네필운
72,한산 리덕스,2022-11-16,169259176 ,0,19314,202,한국,한국,롯데컬처웍스(주)롯데엔터테인먼트
73,니얼굴,2022-06-23,163325600 ,0,18346,65,한국,한국,(주)영화사 진진
74,룸 쉐어링,2022-06-22,137501480 ,0,17040,122,한국,한국,"주식회사 엔픽플,트윈플러스파트너스(주)"
75,광대: 소리꾼,2022-02-24,125460170 ,0,16427,116,한국,한국,트윈플러스파트너스(주)
76,헤이지니&럭키강이 비밀의 문,2022-12-01,133990363 ,0,14478,282,한국,한국,"(주)영화사 그램,(주)플레이그램"
77,피는 물보다 진하다,2022-05-25,90700500 ,0,14201,78,한국,한국,(주)이놀미디어
78,뜨거운 피: 디 오리지널,2022-05-26,111999200 ,0,13854,59,한국,한국,"(주)스튜디오디에이치엘,(주)키다리스튜디오"
79,심야카페: 미씽 허니,2022-11-17,98978194 ,0,13682,174,한국,한국,(주)영화특별시에스엠씨
80,미혹,2022-10-19,108083491 ,0,13528,224,한국,한국,"(주)엔케이컨텐츠,(주)디스테이션"
81,오마주,2022-05-26,102534500 ,0,13519,133,한국,한국,트윈플러스파트너스(주)
82,불도저에 탄 소녀,2022-04-07,104318240 ,0,12482,203,한국,한국,트윈플러스파트너스(주)
83,성덕,2022-09-28,106452892 ,0,12158,60,한국,한국,오드
84,장민호 드라마 최종회,2022-01-24,223662200 ,0,11687,81,한국,한국,"씨제이 씨지브이(CJ CGV)(주),CGV ICECON"
85,엑스칼리버 더 뮤지컬 다큐멘터리: 도겸의 찬란한 여정,2022-10-05,261746000 ,0,11305,31,한국,한국,씨제이포디플렉스 주식회사
86,오! 마이 고스트,2022-09-15,87894391 ,0,11124,283,한국,한국,"(주)디스테이션,주식회사 제이씨엔터웍스"
87,모어,2022-06-23,93153900 ,0,11009,54,한국,한국,(주)엣나인필름
88,녹턴,2022-08-18,76761100 ,0,10890,54,한국,한국,(주)시네마달
89,소설가의 영화,2022-04-21,96262570 ,0,10574,66,한국,한국,"(주)영화제작전원사 ,(주)콘텐츠판다"
90,미싱타는 여자들,2022-01-20,83357720 ,0,10240,39,한국,한국,(주)영화사 진진
91,비욘드 라이브 더 무비: 엑소의 사다리 타고 세계여행3,2022-07-27,149441500 ,0,9060,18,한국,한국,씨제이 씨지브이(CJ CGV)(주)
92,애프터 미투,2022-10-06,64296698 ,0,8979,71,한국,한국,(주)영화사 그램
93,경아의 딸,2022-06-16,61878100 ,0,8897,54,한국,한국,㈜인디스토리
94,물방울을 그리는 남자,2022-09-28,78650000 ,0,8762,47,한국,한국,(주)영화사 진진
95,위대한 침묵,2022-06-29,81404670 ,0,8662,48,한국,한국,"(주)지티지그룹,와이드 릴리즈(주)"
96,쓰리: 아직 끝나지 않았다,2022-04-21,59127000 ,0,8573,77,한국,한국,필름다빈
97,수프와 이데올로기,2022-10-20,76708550 ,0,8367,45,한국,한국,(주)엣나인필름
98,비욘드 라이브 더 무비 : 샤이니 월드,2022-06-29,133198500 ,0,8325,13,한국,한국,씨제이 씨지브이(CJ CGV)(주)
99,같은 속옷을 입는 두 여자,2022-11-10,73295392 ,0,8076,53,한국,한국,찬란
100,십센치 : 권정열 인 시네마,2022-10-08,182562000 ,0,7977,20,한국,한국,씨제이 씨지브이(CJ CGV)(주)
101,둠둠,2022-09-15,64874099 ,0,7894,74,한국,한국,(주)영화사 진진
102,만인의 연인,2022-12-01,63262300 ,0,7770,52,한국,한국,(주)시네마달
103,유체이탈자,2021-11-24,42190000 ,0,7761,1216,한국,한국,"주식회사 에이비오엔터테인먼트,플러스엠 엔터테인먼트"
104,성적표의 김민영,2022-09-08,70174161 ,0,7410,48,한국,한국,(주)엣나인필름
105,이공삼칠,2022-06-08,69523820 ,0,7141,89,한국,한국,(주)씨네필운
106,창밖은 겨울,2022-11-24,55492992 ,0,7047,55,한국,한국,(주)영화사 진진
107,홈리스,2022-09-15,49834597 ,0,6824,86,한국,한국,그린나래미디어(주)
108,태일이,2021-12-01,52018940 ,0,6761,458,한국,한국,(주)리틀빅픽쳐스
109,세이레,2022-11-24,52501083 ,0,6739,70,한국,한국,트윈플러스파트너스(주)
110,복지식당,2022-04-14,48281100 ,0,6688,53,한국,한국,㈜인디스토리
111,고양이들의 아파트,2022-03-17,58285970 ,0,6646,75,한국,한국,"(주)엣나인필름,(주)메타플레이"
112,거래완료,2022-10-06,57709099 ,0,6289,72,한국,한국,(주)스튜디오디에이치엘
113,썬더버드,2022-09-21,52757800 ,0,6227,99,한국,한국,(주)트리플픽쳐스
114,전투왕,2022-02-17,62110610 ,0,6034,41,한국,한국,"(주)씨네포트,주식회사 블루필름웍스"
115,죽어도 자이언츠,2022-10-27,58248407 ,0,5813,69,한국,한국,롯데컬처웍스(주)롯데엔터테인먼트
116,탑,2022-11-03,54374293 ,0,5777,57,한국,한국,"(주)영화제작전원사 ,(주)콘텐츠판다"
117,"그 겨울, 나는",2022-11-30,42836793 ,0,5689,27,한국,한국,(주)더쿱디스트리뷰션
118,재춘언니,2022-03-31,35332500 ,0,5627,44,한국,한국,(주)시네마달
119,어웨이크,2022-08-24,42708198 ,0,5367,72,한국,한국,"주식회사 엔픽플,트윈플러스파트너스(주)"
120,매미소리,2022-02-24,48274770 ,0,5100,70,한국,한국,(주)드림팩트엔터테인먼트
121,옆집사람,2022-11-03,38862757 ,0,4778,72,한국,한국,(주)디스테이션
122,B컷,2022-03-30,36525500 ,0,4763,84,한국,한국,TCO(주)더콘텐츠온
123,태어나길 잘했어,2022-04-14,38873300 ,0,4663,50,한국,한국,그린나래미디어(주)
124,나를 죽여줘,2022-10-19,39655296 ,0,4636,112,한국,한국,(주)트리플픽쳐스
125,낮과 달,2022-10-20,37654098 ,0,4612,52,한국,한국,찬란
126,로보카폴리 안전교실 교통편,2022-09-19,27590000 ,0,4597,16,한국,한국,(주)로이비쥬얼
127,아이를 위한 아이,2022-07-21,38482300 ,0,4515,51,한국,한국,(주)트리플픽쳐스
128,코코순이,2022-08-25,40166900 ,0,4415,50,한국,한국,커넥트픽쳐스(주)
129,블루버스데이,2022-01-19,46533900 ,0,4394,43,한국,한국,"씨제이 씨지브이(CJ CGV)(주),CGV ICECON"
130,첫번째 아이,2022-11-10,40046897 ,0,4385,59,한국,한국,(주)더쿱디스트리뷰션
131,에이비식스 : 테이크 어 챈스,2022-10-05,43579000 ,0,4358,16,한국,한국,씨제이 씨지브이(CJ CGV)(주)
132,초선,2022-11-03,33585796 ,0,4118,41,한국,한국,커넥트픽쳐스(주)
133,윤시내가 사라졌다,2022-06-08,37233200 ,0,4069,51,한국,한국,"(주)블루라벨픽쳐스,디스트릭 몽"
134,소피의 세계,2022-03-03,34648600 ,0,4061,84,한국,한국,찬란
135,파로호,2022-08-18,34887400 ,0,3920,51,한국,한국,(주)더쿱디스트리뷰션
136,4DX 문유,2022-10-12,33377500 ,0,3869,10,한국,한국,씨제이포디플렉스 주식회사
137,살인청부업자,2022-11-03,28972999 ,0,3826,50,한국,한국,(주)피터팬픽쳐스
138,스타게이저: 아스트로스코프,2022-10-27,70676000 ,0,3534,31,한국,한국,CGV ICECON
139,낮에는 덥고 밤에는 춥고,2022-10-27,27400995 ,0,3430,51,한국,한국,필름다빈
140,EBS친구들 씽씽 댄스파티,2022-09-20,20555000 ,0,3393,1,한국,한국,(주)에픽캔
141,연애 빠진 로맨스,2021-11-24,28663790 ,0,3381,967,한국,한국,(주)씨제이이엔엠
142,요정,2022-12-01,29158997 ,0,3326,32,한국,한국,"(주)싸이더스,(주)블루라벨픽쳐스"
143,트랜스,2022-11-17,11680099 ,0,3254,29,한국,한국,(주)마노엔터테인먼트
144,"위대한 계약: 파주, 책, 도시",2022-04-21,27535700 ,0,3247,30,한국,한국,(주)영화사 진진
145,튜브펫주식회사,2022-12-08,25999499 ,0,3216,55,한국,한국,"(주)지티지그룹,와이드 릴리즈(주)"
146,이태석,2022-12-29,28841199 ,0,3108,100,한국,한국,"THE 픽쳐스,주식회사 블루필름웍스"
147,말아,2022-08-25,23054900 ,0,2745,33,한국,한국,㈜인디스토리
148,머슴바울,2022-11-24,26979600 ,0,2741,23,한국,한국,"(주)드림팩트엔터테인먼트,기독교대한감리회"
149,리프레쉬,2022-02-16,18819100 ,0,2664,44,한국,한국,(주)이놀미디어
150,초록밤,2022-07-28,22363327 ,0,2595,31,한국,한국,㈜인디스토리
151,감동주의보,2022-06-22,21009000 ,0,2483,28,한국,한국,(주)스튜디오 보난자
152,달이 지는 밤,2022-09-22,22102396 ,0,2451,47,한국,한국,(주)디오시네마
153,핑크퐁과 아기상어의 월드투어쇼,2022-05-28,25221000 ,0,2433,39,한국,한국,CGV ICECON
154,임신한 나무와 도깨비,2022-01-27,15292300 ,0,2400,20,한국,한국,(주)시네마달
155,존경하고 사랑하는 국민여러분,2022-01-27,21491700 ,0,2372,22,한국,한국,"주식회사 블루필름웍스,(주)영화사메이플러스"
156,부기나이트,2022-04-28,15353370 ,0,2340,23,한국,한국,(주)라온컴퍼니플러스
157,선데이리그,2022-10-05,16222099 ,0,2162,40,한국,한국,아이 엠
158,역할들,2022-03-31,12200000 ,0,2011,5,한국,한국,쉼표
159,봉명주공,2022-05-19,15192600 ,0,1684,24,한국,한국,(주)시네마달
160,히든,2022-05-25,12574990 ,0,1671,51,한국,한국,(주)박수엔터테인먼트
161,보드랍게,2022-02-23,13789300 ,0,1670,20,한국,한국,(주)인디플러그
162,하로동선,2022-03-30,12600400 ,0,1565,23,한국,한국,주식회사 블루필름웍스
163,효자,2022-01-27,9057300 ,0,1506,16,한국,한국,(주)드림팩트엔터테인먼트
164,핸썸,2022-07-13,12043500 ,0,1503,37,한국,한국,(주)박수엔터테인먼트
165,축복의 집,2022-02-24,9974750 ,0,1491,17,한국,한국,필름다빈
166,그대라는기억 연숙씨,2022-06-16,13153500 ,0,1416,21,한국,한국,"(주)드림팩트엔터테인먼트,주식회사 블루필름웍스"
167,늑대들,2022-04-27,10136160 ,0,1404,29,한국,한국,(주)트리필름
168,"허황옥 3일, 잃어버린 2천 년의 기억",2022-05-12,11032000 ,0,1383,21,한국,한국,(주)영화사 그램
169,2차 송환,2022-09-29,10802900 ,0,1374,16,한국,한국,(주)시네마달
170,주연,2022-09-29,8306600 ,0,1361,20,한국,한국,(주)마노엔터테인먼트
171,우수,2022-11-24,11326899 ,0,1310,19,한국,한국,㈜인디스토리
172,평평남녀,2022-04-28,11446200 ,0,1297,30,한국,한국,영화배급협동조합 씨네소파
173,뮤지컬,2022-11-02,25620000 ,0,1281,10,한국,한국,주식회사 홍컴퍼니
174,기기묘묘,2022-09-22,12016099 ,0,1278,25,한국,한국,필름다빈
175,라임크라임,2021-11-25,6679000 ,0,1267,25,한국,한국,(주)시네마달
176,늦봄2020,2022-02-10,9152470 ,0,1228,12,한국,한국,주식회사 블루필름웍스
177,태안,2022-10-06,9966099 ,0,1191,9,한국,한국,레드무비
178,혜옥이,2022-12-08,10626099 ,0,1183,23,한국,한국,(주)트리플픽쳐스
179,모퉁이,2022-08-11,10515400 ,0,1127,20,한국,한국,(주)영화사 그램
180,우스운게 딱! 좋아!,2022-06-23,8692700 ,0,1026,14,한국,한국,필름다빈
181,작은새와 돼지씨,2022-08-25,7396300 ,0,1013,9,한국,한국,필름다빈
182,데드캠핑 더라이브,2022-05-12,5000000 ,0,1000,50,한국,한국,"(주)그노스,(주)다날엔터테인먼트"
183,투란도트 어둠의 왕국,2022-08-18,8861700 ,0,980,18,한국,한국,주식회사 블루필름웍스
184,아부쟁이,2022-06-16,8617000 ,0,896,41,한국,한국,시네마 뉴원
185,1984 최동원,2021-11-11,4478000 ,0,894,172,한국,한국,(주)트리플픽쳐스
186,그림자꽃,2021-10-27,5398000 ,0,871,89,한국,한국,(주)엣나인필름
187,콘서트를 지켜라,2022-08-18,8126000 ,0,826,19,한국,한국,롯데컬처웍스(주)롯데엔터테인먼트
188,보통의 용기,2022-06-30,6552600 ,0,809,8,한국,한국,(주)드림팩트엔터테인먼트
189,인플루엔자,2022-08-25,7249900 ,0,760,15,한국,한국,아이 엠
190,포 언투 어스,2022-01-09,6750000 ,0,750,1,한국,한국,(사)그라시아스합창단
191,헝거,2022-04-21,5619060 ,0,722,20,한국,한국,"(주)디오시네마,(주)태양미디어그룹"
192,사잇소리,2022-10-13,6321098 ,0,707,20,한국,한국,"(주)드림팩트엔터테인먼트,(주)아크메"
193,"괴물, 유령, 자유인",2022-06-02,6505800 ,0,693,13,한국,한국,(주)스튜디오 보난자
194,온 세상이 하얗다,2022-02-10,6179800 ,0,683,18,한국,한국,(주)트리플픽쳐스
195,노회찬6411,2021-10-14,4892000 ,0,672,154,한국,한국,"(주)리틀빅픽쳐스,시네마6411"
196,액션동자,2022-05-05,4973000 ,0,671,9,한국,한국,(주)드림팩트엔터테인먼트
197,부적: 남의 운을 빼앗는 자,2022-09-07,5321500 ,0,662,6,한국,한국,(주)트리플픽쳐스
198,영희,2022-05-01,1274000 ,0,612,4,한국,한국,주식회사 씨엠닉스
199,통영에서의 하루,2022-11-24,5502700 ,0,606,9,한국,한국,주식회사 블루필름웍스
200,동백,2021-10-21,4200000 ,0,600,60,한국,한국,시네마 뉴원
201,오싹한 동거,2022-08-17,5120000 ,0,542,5,한국,한국,(주)컨택트미디어
202,인연을 긋다,2022-05-26,3207000 ,0,533,12,한국,한국,시네마 뉴원
203,영화감독 노동주,2022-11-30,4318000 ,0,509,6,한국,한국,(주)드림팩트엔터테인먼트
204,너에게 가는 길,2021-11-17,4032000 ,0,502,56,한국,한국,(주)엣나인필름
205,사막을 건너 호수를 지나,2021-12-30,4045070 ,0,489,12,한국,한국,영화배급협동조합 씨네소파
206,창극 변강쇠 점 찍고 옹녀,2022-02-03,4280400 ,0,488,13,한국,한국,(주)이놀미디어
207,수라,2023-06-21,3722000 ,0,481,0,한국,한국,"스튜디오두마,미디어나무(주),스튜디오 에이드"
208,걸 위드 더 카메라,2022-01-20,3676470 ,0,465,11,한국,한국,(주)영화사 그램
209,당신의 이웃은 친절하지 않다,2022-09-15,4565000 ,0,459,10,한국,한국,주식회사 씨엠닉스
210,갓길로 달리는 코뿔소,2022-06-23,2996000 ,0,445,6,한국,한국,(주)26컴퍼니
211,라스트필름,2022-12-29,4587700 ,0,444,22,한국,한국,영화배급협동조합 씨네소파
212,대한민국 대통령,2022-02-17,4443000 ,0,433,22,한국,한국,(주)라이크콘텐츠
213,몬스타엑스 : 더 드리밍,2021-12-08,5759500 ,0,425,98,한국,한국,씨제이포디플렉스 주식회사
214,동행: 10년의 발걸음,2022-12-01,2957200 ,0,405,9,한국,한국,(주)디오시네마
215,타이거마스크,2021-12-30,2440270 ,0,400,36,한국,한국,"(주)그노스,(주)다날엔터테인먼트"
216,강릉,2021-11-10,3676500 ,0,387,761,한국,한국,"(주)스튜디오 산타클로스엔터테인먼트,(주)아센디오,(주)제이앤씨미디어그룹"
217,미인,2022-02-24,3055000 ,0,384,5,한국,한국,필름에이픽쳐스
218,나는 조선사람입니다,2021-12-09,2640000 ,0,380,23,한국,한국,"㈜인디스토리,엠앤씨에프"
219,엄마와 나,2022-04-14,3139700 ,0,379,7,한국,한국,(주)드림팩트엔터테인먼트
220,팬픽에서 연애까지,2022-12-22,2723500 ,0,367,18,한국,한국,(주)이놀미디어
221,아이돌레시피,2022-03-17,2972000 ,0,356,11,한국,한국,(주)드림팩트엔터테인먼트
222,숏버스 배우행,2021-12-30,3619400 ,0,350,16,한국,한국,"언더식스티,(주)퍼니콘"
223,"천년의 노래, 리버스",2022-01-13,3224300 ,0,349,10,한국,한국,(주)이놀미디어
224,1번국도,2022-12-08,3588800 ,0,340,9,한국,한국,(주)스튜디오 보난자
225,가무악칠채,2022-03-17,2890000 ,0,337,10,한국,한국,(주)케빈앤컴퍼니
226,트로트는 인생이다,2022-01-27,3040100 ,0,334,8,한국,한국,시네마 뉴원
227,창극 춘향,2022-11-03,2787500 ,0,316,11,한국,한국,(주)이놀미디어
228,픽션들,2022-11-24,2937000 ,0,304,9,한국,한국,영화배급협동조합 씨네소파
229,당신은 이 글 속에 살아있다,2022-02-18,1500000 ,0,300,5,한국,한국,스토리웨이브픽쳐스
230,캐리와 슈퍼콜라,2023-01-18,3993000 ,0,295,474,한국,한국,롯데컬처웍스(주)롯데엔터테인먼트
231,테이블 매너,2022-03-15,904000 ,0,287,5,한국,한국,주식회사 씨엠닉스
232,내가 못 나가는 것도 아닌데,2022-08-24,2000000 ,0,269,5,한국,한국,김충길 필름
233,긴 하루,2021-12-30,2551400 ,0,264,12,한국,한국,하준사
234,검스녀 젊은엄마,2022-03-08,1316000 ,0,261,21,한국,한국,노바엔터테인먼트
234,젊은 알바의 맛,2022-05-06,1291000 ,0,261,20,한국,한국,노바엔터테인먼트
236,테이크 오프: 파도위에 서다,2022-08-25,2604000 ,0,259,4,한국,한국,(주)아우라픽처스
236,맛있는 여동생,2022-01-11,1315000 ,0,259,20,한국,한국,(주)로드하우스
238,짬뽕비권,2022-02-02,1594000 ,0,247,9,한국,한국,(주)콘텐츠판다
238,"다녀와요, 다녀왔습니다",2022-04-21,2175000 ,0,247,8,한국,한국,(주)케빈앤컴퍼니
240,두개의 눈,2022-06-23,1987500 ,0,244,9,한국,한국,(주)이놀미디어
241,쏴!쏴!쏴!쏴!탕,2022-05-18,1457000 ,0,231,3,한국,한국,상남영화제작소
242,마지막부자 최준,2022-05-06,2640000 ,0,220,1,한국,한국,주식회사 케이엠스타
243,이상한 나라의 아빠,2022-06-22,2695200 ,0,217,9,한국,한국,(주)더존크리에이티브
244,흐르다,2023-03-29,1102000 ,0,198,43,한국,한국,M&M 인터내셔널
245,모자산책,2022-11-17,950000 ,0,190,5,한국,한국,하준사
245,명색이 아프레걸,2022-05-26,1886500 ,0,190,9,한국,한국,(주)케빈앤컴퍼니
247,겨울 이야기,2023-01-18,1674000 ,0,186,22,한국,한국,"와이드 릴리즈(주),시네마 뉴원"
248,곡녀,2022-03-31,1616200 ,0,181,7,한국,한국,시네마 뉴원
249,스파이형 모델,2022-07-20,1130000 ,0,178,4,한국,한국,주식회사 씨엠닉스
250,#해시태그,2022-06-01,2205600 ,0,173,8,한국,한국,(주)더존크리에이티브
251,말이야 바른 말이지,2023-05-17,1328000 ,0,166,0,한국,한국,서울독립영화제
252,희망의 요소,2022-12-29,1279000 ,0,158,6,한국,한국,필름다빈
253,희수,2022-12-15,1109500 ,0,143,5,한국,한국,영화사 정원
254,좀비는 좀비끼리 우리는 우리끼리,2022-08-04,914000 ,0,116,1,한국,한국,필름다빈
255,메이드인세운상가,2022-05-25,1164000 ,0,114,9,한국,한국,(주)더존크리에이티브
256,소설가 구보의 하루,2021-12-09,721000 ,0,107,36,한국,한국,필름다빈
257,인어; 바다를 부른 여인,2022-11-09,1466200 ,0,106,8,한국,한국,(주)더존크리에이티브
258,당신얼굴 앞에서,2021-10-21,816000 ,0,101,69,한국,한국,"(주)영화제작전원사 ,(주)콘텐츠판다"
259,정력대왕 시아버지,2022-04-07,500000 ,0,100,5,한국,한국,(주)코빈커뮤니케이션즈
259,너희 아빠 맛있더라,2022-05-04,500000 ,0,100,5,한국,한국,(주)코빈커뮤니케이션즈
259,오피스텔 여대생들,2022-05-25,500000 ,0,100,5,한국,한국,(주)영화사가을
259,노래방 : 화끈한 여자들 3,2022-04-29,500000 ,0,100,5,한국,한국,(주)영화사가을
259,둔덕 사돈처녀,2022-03-04,500000 ,0,100,5,한국,한국,(주)룬컴퍼니
259,섹스마스터,2022-04-22,500000 ,0,100,5,한국,한국,(주)룬컴퍼니
259,둔덕 가시거리,2022-05-06,500000 ,0,100,5,한국,한국,(주)룬컴퍼니
259,섹스 셰어하우스,2022-06-03,500000 ,0,100,5,한국,한국,(주)코빈커뮤니케이션즈
259,내 학생의 엄마 6,2022-06-24,500000 ,0,100,5,한국,한국,(주)영화사가을
259,유산으로 남겨준 새엄마,2022-03-02,500000 ,0,100,5,한국,한국,(주)코빈커뮤니케이션즈
259,흑형 : 특별한 영어 수업,2022-08-31,500000 ,0,100,5,한국,한국,(주)영화사가을
259,불량탐정 캠코인,2022-01-21,500000 ,0,100,5,한국,한국,(주)룬컴퍼니
259,구멍친구,2022-08-05,500000 ,0,100,5,한국,한국,(주)룬컴퍼니
259,아내의 질문,2022-07-15,500000 ,0,100,5,한국,한국,(주)룬컴퍼니
259,밀접접촉,2022-01-28,500000 ,0,100,5,한국,한국,(주)룬컴퍼니
259,흑형에 빠진 여자들,2022-07-27,500000 ,0,100,5,한국,한국,(주)영화사가을
259,미용실 유부녀들,2022-04-06,500000 ,0,100,5,한국,한국,(주)영화사가을
259,옆집 부부와 구멍 깐부,2022-02-04,500000 ,0,100,5,한국,한국,(주)코빈커뮤니케이션즈
259,애무의 신,2022-05-20,500000 ,0,100,5,한국,한국,(주)룬컴퍼니
278,드림팰리스,2023-05-31,752000 ,0,94,0,한국,한국,㈜인디스토리
279,사랑의 고고학,2023-04-12,744000 ,0,93,42,한국,"한국,프랑스","(주)맑은시네마,(주)엣나인필름"
280,행복의 속도,2021-11-18,608000 ,0,87,23,한국,한국,(주)영화사 진진
281,엄마의 땅: 그리샤와 숲의 주인,2023-01-25,632000 ,0,80,121,한국,한국,(주)더쿱디스트리뷰션
281,간호중,2021-12-02,400000 ,0,80,16,한국,한국,찬란
283,무녀도,2021-11-24,505000 ,0,77,49,한국,한국,(주)씨네필운
284,로그 인 벨지움,2021-12-01,623300 ,0,72,53,한국,한국,(주)엣나인필름
285,장기자랑,2023-04-05,512000 ,0,64,57,한국,한국,(주)영화사 진진
286,보는 것을 사랑한다,2021-10-28,382000 ,0,59,8,한국,한국,(주)드림팩트엔터테인먼트
287,싸나희 순정,2021-11-25,272000 ,0,47,41,한국,한국,(주)마노엔터테인먼트
288,아르코라이브 무용 물속 골리앗,2022-11-16,668300 ,0,45,6,한국,한국,(주)더존크리에이티브
289,뮤지컬 스페셜딜리버리,2022-11-23,660000 ,0,44,6,한국,한국,(주)더존크리에이티브
290,3.5교시,2022-04-14,130000 ,0,42,6,한국,한국,(주)드림팩트엔터테인먼트
291,미애언니라고 불러줘,2022-12-08,338000 ,0,38,2,한국,한국,이상우필름
291,스프린터,2023-05-24,266000 ,0,38,0,한국,한국,스튜디오 에이드
293,싫은 건 아니지만,2022-02-19,252000 ,0,36,1,한국,한국,필름다빈
293,꼭두각시,2022-06-15,439000 ,0,36,6,한국,한국,(주)더존크리에이티브
295,깐부(코로나방학소동),2022-11-15,320000 ,0,32,1,한국,한국,스마일픽쳐스
296,메모리: 조작살인,2021-12-29,44000 ,0,29,5,한국,한국,(주)드림팩트엔터테인먼트
297,종착역,2021-09-23,135000 ,0,27,49,한국,한국,필름다빈
298,총을 들지 않는 사람들: 금기에 도전,2021-12-09,161000 ,0,23,9,한국,한국,(주)스튜디오 보난자
299,스물여덟 마흔아홉,2022-01-04,100000 ,0,20,1,한국,한국,(주)뮤직엔닷컴
299,위험한 그녀들,2022-01-27,100000 ,0,20,1,한국,한국,(주)샤이커뮤니케이션즈
299,견딜 수 없는 유혹,2022-01-20,100000 ,0,20,1,한국,한국,(주)샤이커뮤니케이션즈
299,맛집:친구 엄마 무삭제,2022-02-15,100000 ,0,20,1,한국,한국,(주)뮤직엔닷컴
299,어느 집 여자가 더 맛있을까,2022-03-18,100000 ,0,20,1,한국,한국,(주)씨맥스커뮤니케이션즈
299,남의 섹스 보며 젖어버린 여자,2022-04-28,100000 ,0,20,1,한국,한국,(주)샤이커뮤니케이션즈
299,내 남편을 언니가 후렸다,2022-05-10,100000 ,0,20,1,한국,한국,(주)뮤직엔닷컴
299,악마같은 새엄마,2022-05-12,100000 ,0,20,1,한국,한국,(주)샤이커뮤니케이션즈
299,마음씨 착한 거유 아줌마,2022-06-02,100000 ,0,20,1,한국,한국,(주)샤이커뮤니케이션즈
299,깐부 : 여친동맹,2022-06-23,100000 ,0,20,1,한국,한국,(주)씨맥스커뮤니케이션즈
299,친구동생 : 우정보다 좋은 맛,2022-06-02,100000 ,0,20,1,한국,한국,(주)씨맥스커뮤니케이션즈
299,여동생과 누나의 맛,2022-06-10,100000 ,0,20,1,한국,한국,(주)샤이커뮤니케이션즈
299,마구 유린당한 그날 밤,2022-07-07,100000 ,0,20,1,한국,한국,(주)샤이커뮤니케이션즈
299,같은밭에 씨뿌리기,2022-07-14,100000 ,0,20,1,한국,한국,(주)씨맥스커뮤니케이션즈
299,막장 가족,2022-07-25,100000 ,0,20,1,한국,한국,(주)나우콘텐츠
299,아내들의 모든 것,2022-07-25,100000 ,0,20,1,한국,한국,(주)나우콘텐츠
299,사축 : 속옷 빠는 여자,2022-07-07,100000 ,0,20,1,한국,한국,주식회사 플릭스코
299,육덕진 여 후배와 농염한 사모님,2022-08-25,100000 ,0,20,1,한국,한국,(주)샤이커뮤니케이션즈
299,학점 잘 주는 여교수 무삭제,2022-09-26,100000 ,0,20,1,한국,한국,(주)영화사가을
299,환생한 섹스 9단 무삭제,2022-09-05,100000 ,0,20,1,한국,한국,주식회사 바나나픽쳐스
299,불륜 계약 옆방 아줌마,2022-09-08,100000 ,0,20,1,한국,한국,(주)이십일세기미디어
299,굶주린 유부녀 남편 옆에서 남편 동생과..,2022-10-07,100000 ,0,20,1,한국,한국,(주)샤이커뮤니케이션즈
299,형수님도 만족하는 섹스 테크닉,2022-10-13,100000 ,0,20,1,한국,한국,(주)샤이커뮤니케이션즈
299,직장 야유회의 목적,2022-01-21,100000 ,0,20,1,한국,한국,(주)담화
299,관계 매일 바뀌는 파트너,2022-01-04,100000 ,0,20,1,한국,한국,(주)뮤직엔닷컴
299,억눌린 색욕의 분출,2022-01-06,100000 ,0,20,1,한국,한국,(주)샤이커뮤니케이션즈
299,게스트 하우섹스,2022-02-15,100000 ,0,20,1,한국,한국,(주)뮤직엔닷컴
299,그 남자의 발정 그 여자의 사정,2022-02-22,100000 ,0,20,1,한국,한국,(주)뮤직엔닷컴
299,과외 선생과 어머니,2022-03-17,100000 ,0,20,1,한국,한국,(주)샤이커뮤니케이션즈
299,자위하는 짝사랑녀,2022-04-14,100000 ,0,20,1,한국,한국,(주)샤이커뮤니케이션즈
299,조련당한 육체,2022-05-12,100000 ,0,20,1,한국,한국,(주)샤이커뮤니케이션즈
299,몰래 먹는 잠든 친구 여친,2022-05-17,100000 ,0,20,1,한국,한국,(주)뮤직엔닷컴
299,넣어달라 애원하는 옆집 아줌마,2022-05-26,100000 ,0,20,1,한국,한국,(주)샤이커뮤니케이션즈
299,무릎팍 보살: 성교부적삼행,2022-06-09,100000 ,0,20,1,한국,한국,(주)나우콘텐츠
299,술에 취한 타인의 여자,2022-06-09,100000 ,0,20,1,한국,한국,(주)샤이커뮤니케이션즈
299,삽입할 수밖에 없었어,2022-06-23,100000 ,0,20,1,한국,한국,(주)샤이커뮤니케이션즈
299,흠뻑 젖어 넣고 싶은 아줌마,2022-06-30,100000 ,0,20,1,한국,한국,(주)샤이커뮤니케이션즈
299,내 여동생이잖아,2022-07-15,100000 ,0,20,1,한국,한국,(주)담화
299,의외로 쉽게 넣어준 그녀,2022-08-18,100000 ,0,20,1,한국,한국,(주)샤이커뮤니케이션즈
299,노래방 유부녀들 무삭제,2022-09-19,100000 ,0,20,1,한국,한국,(주)영화사가을
299,내가 첫 경험 시켜준 과외 누나,2022-09-02,100000 ,0,20,1,한국,한국,(주)샤이커뮤니케이션즈
299,몸 달은 아내를 채워준 아저씨,2022-09-29,100000 ,0,20,1,한국,한국,(주)샤이커뮤니케이션즈
299,대물에 꽂힌 여직원,2022-09-22,100000 ,0,20,1,한국,한국,(주)샤이커뮤니케이션즈
299,아줌마 제발 그만하세요,2022-10-21,100000 ,0,20,1,한국,한국,(주)샤이커뮤니케이션즈
299,엄마 몰래 보는 빨간비디오,2022-10-04,100000 ,0,20,1,한국,한국,주식회사 바나나픽쳐스
299,숫처녀 하숙생,2022-02-03,100000 ,0,20,1,한국,한국,(주)샤이커뮤니케이션즈
299,속살 보여준 누나,2022-02-15,100000 ,0,20,1,한국,한국,(주)샤이커뮤니케이션즈
299,위기의 여자 하숙생,2022-02-15,100000 ,0,20,1,한국,한국,(주)샤이커뮤니케이션즈
299,새엄마와 젖 큰 여동생,2022-03-18,100000 ,0,20,1,한국,한국,(주)담화
299,농락당한 육체,2022-04-07,100000 ,0,20,1,한국,한국,(주)샤이커뮤니케이션즈
299,"섹스, 나랑할래?",2022-05-06,100000 ,0,20,1,한국,한국,(주)씨맥스커뮤니케이션즈
299,특이점이 온 사랑,2022-06-09,100000 ,0,20,1,한국,한국,(주)나우콘텐츠
299,또다른 아내,2022-06-16,100000 ,0,20,1,한국,한국,주식회사 플릭스코
299,마지못해 벌어진 도우미 아줌마,2022-07-21,100000 ,0,20,1,한국,한국,(주)샤이커뮤니케이션즈
299,부부 교환,2022-09-23,100000 ,0,20,1,한국,한국,(주)나우콘텐츠
299,연애 초보 여동생과 섹스한 오빠,2022-09-09,100000 ,0,20,1,한국,한국,(주)샤이커뮤니케이션즈
299,오랜만에 만나 섹스한 동창생,2022-10-27,100000 ,0,20,1,한국,한국,(주)샤이커뮤니케이션즈
299,윗집 아이 엄마와 내 아이 만들기,2022-10-27,100000 ,0,20,1,한국,한국,(주)샤이커뮤니케이션즈
299,변태 교수님의 음흉한 손길,2022-11-03,100000 ,0,20,1,한국,한국,(주)샤이커뮤니케이션즈
299,오빠 대물로 느낀 오르가즘,2022-11-03,100000 ,0,20,1,한국,한국,(주)샤이커뮤니케이션즈
299,욕망의 골짜기,2022-01-13,100000 ,0,20,1,한국,한국,(주)샤이커뮤니케이션즈
299,구멍을 믿지 마세요,2022-01-21,100000 ,0,20,1,한국,한국,(주)이십일세기미디어
299,그녀의 육체 앞에 무너진 이성,2022-02-08,100000 ,0,20,1,한국,한국,(주)샤이커뮤니케이션즈
299,그 남자의 삽입,2022-03-03,100000 ,0,20,1,한국,한국,(주)샤이커뮤니케이션즈
299,사랑해서 삽입하는 겁니다,2022-03-24,100000 ,0,20,1,한국,한국,(주)샤이커뮤니케이션즈
299,음흉한 아저씨,2022-03-17,100000 ,0,20,1,한국,한국,(주)샤이커뮤니케이션즈
299,더 맛있는 남의 떡,2022-03-31,100000 ,0,20,1,한국,한국,(주)샤이커뮤니케이션즈
299,삽입하기 좋은 날,2022-03-31,100000 ,0,20,1,한국,한국,(주)샤이커뮤니케이션즈
299,아들의 여친 아빠의 여친 Ⅱ,2022-04-22,100000 ,0,20,1,한국,한국,(주)담화
299,팬티까지 젖은 그녀의 유혹,2022-04-28,100000 ,0,20,1,한국,한국,(주)샤이커뮤니케이션즈
299,형부 대물 맛을 못 잊는 처제,2022-06-02,100000 ,0,20,1,한국,한국,(주)샤이커뮤니케이션즈
299,내 아내를 죽이는 대물남,2022-06-16,100000 ,0,20,1,한국,한국,(주)샤이커뮤니케이션즈
299,샤워하는데 발가벗고 들어온 그녀,2022-06-15,100000 ,0,20,1,한국,한국,(주)샤이커뮤니케이션즈
299,거유 아줌마의 불륜,2022-07-14,100000 ,0,20,1,한국,한국,(주)샤이커뮤니케이션즈
299,내가 먼저 삽입한 친구의 애인,2022-07-21,100000 ,0,20,1,한국,한국,(주)샤이커뮤니케이션즈
299,내 아내 같은 맛의 그녀,2022-07-28,100000 ,0,20,1,한국,한국,(주)샤이커뮤니케이션즈
299,노는 장모,2022-08-25,100000 ,0,20,1,한국,한국,(주)씨맥스커뮤니케이션즈
299,해야만 한다,2022-08-26,100000 ,0,20,1,한국,한국,블루커뮤니케이션
299,내 여친을 공유했습니다,2022-09-01,100000 ,0,20,1,한국,한국,(주)샤이커뮤니케이션즈
299,불륜 유부남의 아내와 섹스,2022-10-20,100000 ,0,20,1,한국,한국,(주)샤이커뮤니케이션즈
299,F컵 농락당하는 여강사,2022-01-18,100000 ,0,20,1,한국,한국,(주)뮤직엔닷컴
299,여대생의 풋풋한 섹스 이야기,2022-02-03,100000 ,0,20,1,한국,한국,(주)샤이커뮤니케이션즈
299,짐승남의 거친 사냥법,2022-02-22,100000 ,0,20,1,한국,한국,(주)샤이커뮤니케이션즈
299,죽어도 섹스,2022-03-10,100000 ,0,20,1,한국,한국,(주)샤이커뮤니케이션즈
299,초변태 수리공 길들이기,2022-04-07,100000 ,0,20,1,한국,한국,(주)뮤직엔닷컴
299,섹스 잘하는 여자들,2022-04-07,100000 ,0,20,1,한국,한국,(주)샤이커뮤니케이션즈
299,섹스시그널 : 마지막 오르가즘,2022-04-07,100000 ,0,20,1,한국,한국,(주)씨맥스커뮤니케이션즈
299,친구 아내 뺏는 왕게임,2022-04-14,100000 ,0,20,1,한국,한국,(주)뮤직엔닷컴
299,불륜 유부녀의 사정,2022-05-05,100000 ,0,20,1,한국,한국,(주)샤이커뮤니케이션즈
299,롱타임노섹스: 알몸 유혹 여동창생,2022-05-27,100000 ,0,20,1,한국,한국,(주)씨맥스커뮤니케이션즈
299,내 맘대로 맛본 여직원,2022-06-09,100000 ,0,20,1,한국,한국,(주)샤이커뮤니케이션즈
299,딱 맞는 구멍,2022-06-16,100000 ,0,20,1,한국,한국,(주)샤이커뮤니케이션즈
299,낯설지 않은 삽입,2022-06-30,100000 ,0,20,1,한국,한국,(주)샤이커뮤니케이션즈
299,나는 아빠의 여자,2022-07-12,100000 ,0,20,1,한국,한국,(주)나우콘텐츠
299,어린 남자만 꼬셔먹는 노처녀,2022-07-14,100000 ,0,20,1,한국,한국,(주)샤이커뮤니케이션즈
299,직장상사:팀장님 부부,2022-07-14,100000 ,0,20,1,한국,한국,주식회사 플릭스코
299,이혼 후 외로워하는 친구 누나,2022-08-04,100000 ,0,20,1,한국,한국,(주)샤이커뮤니케이션즈
299,야한 세 친구,2022-09-23,100000 ,0,20,1,한국,한국,(주)나우콘텐츠
299,오피스 언니들,2022-09-01,100000 ,0,20,1,한국,한국,(주)이십일세기미디어
299,대물에 헐어버린 어장 관리녀,2022-09-15,100000 ,0,20,1,한국,한국,(주)샤이커뮤니케이션즈
299,처제의 욕정 배설구,2022-10-06,100000 ,0,20,1,한국,한국,(주)샤이커뮤니케이션즈
299,스와핑 : 엄마와 딸,2022-10-03,100000 ,0,20,1,한국,한국,(주)영화사가을
299,내가 먼저 깃발 꽂은 예비 신부,2022-10-20,100000 ,0,20,1,한국,한국,(주)샤이커뮤니케이션즈
299,남편 몰래 세입자 가지 먹기,2022-01-13,100000 ,0,20,1,한국,한국,(주)뮤직엔닷컴
299,인류를 위한 번식경쟁 두명 다 줄게,2022-01-25,100000 ,0,20,1,한국,한국,(주)뮤직엔닷컴
299,여배우의 유혹,2022-03-03,100000 ,0,20,1,한국,한국,(주)샤이커뮤니케이션즈
299,상식개변 성욕 처리는 당연한 일,2022-03-14,100000 ,0,20,1,한국,한국,(주)뮤직엔닷컴
299,과장님의 여직원 사용기,2022-03-18,100000 ,0,20,1,한국,한국,(주)씨맥스커뮤니케이션즈
299,동생 보며 젖어버린 누나,2022-04-14,100000 ,0,20,1,한국,한국,(주)샤이커뮤니케이션즈
299,능숙하게 넣어준 그녀,2022-04-21,100000 ,0,20,1,한국,한국,(주)샤이커뮤니케이션즈
299,선배는 연쇄삽입마,2022-04-29,100000 ,0,20,1,한국,한국,(주)씨맥스커뮤니케이션즈
299,"새로운 집, 섹스 메뉴얼",2022-05-04,100000 ,0,20,1,한국,한국,(주)씨맥스커뮤니케이션즈
299,홧김에 벌려준 유부녀,2022-05-19,100000 ,0,20,1,한국,한국,(주)샤이커뮤니케이션즈
299,"탐욕, 아내 모르게 이루어진 삽입",2022-05-26,100000 ,0,20,1,한국,한국,(주)샤이커뮤니케이션즈
299,변했다! 내 남자의 맛,2022-05-31,100000 ,0,20,1,한국,한국,(주)뮤직엔닷컴
299,형수의 상상은 현실이 된다,2022-06-10,100000 ,0,20,1,한국,한국,(주)담화
299,홈트레이닝 : 친구의 완벽한 타액,2022-06-09,100000 ,0,20,1,한국,한국,(주)씨맥스커뮤니케이션즈
299,여대생의 질문,2022-07-22,100000 ,0,20,1,한국,한국,(주)룬컴퍼니
299,욕망의 가정부,2022-07-21,100000 ,0,20,1,한국,한국,(주)뮤직엔닷컴
299,내 가랑이 사이로 들어온 그녀,2022-08-04,100000 ,0,20,1,한국,한국,(주)샤이커뮤니케이션즈
299,잘 줄 것 같은 돌싱 누나,2022-08-11,100000 ,0,20,1,한국,한국,(주)샤이커뮤니케이션즈
299,다른 놈과 놀아나는 못된 마누라,2022-08-18,100000 ,0,20,1,한국,한국,(주)샤이커뮤니케이션즈
299,불륜의 맛이 느껴지는 입술,2022-09-08,100000 ,0,20,1,한국,한국,(주)샤이커뮤니케이션즈
299,친언니의 남자,2022-09-22,100000 ,0,20,1,한국,한국,(주)샤이커뮤니케이션즈
299,미용실 유부녀들 무삭제,2022-10-04,100000 ,0,20,1,한국,한국,(주)영화사가을
299,그녀의 비밀스러운 성,2022-01-27,100000 ,0,20,1,한국,한국,(주)샤이커뮤니케이션즈
299,다섯커플의 결혼해 말어,2022-02-11,100000 ,0,20,1,한국,한국,(주)담화
299,그녀의 속살을 훔친 도둑,2022-03-24,100000 ,0,20,1,한국,한국,(주)샤이커뮤니케이션즈
299,부하직원 아내의 맛,2022-05-19,100000 ,0,20,1,한국,한국,(주)샤이커뮤니케이션즈
299,가출 유부녀와 집에서..,2022-05-19,100000 ,0,20,1,한국,한국,(주)샤이커뮤니케이션즈
299,불쌍한 유부녀 위로하다 넣었어요,2022-07-07,100000 ,0,20,1,한국,한국,(주)샤이커뮤니케이션즈
299,술 취해 잠든 유부녀 과장님,2022-07-14,100000 ,0,20,1,한국,한국,(주)샤이커뮤니케이션즈
299,첫경험은 죽지 않는다,2022-07-28,100000 ,0,20,1,한국,한국,(주)씨맥스커뮤니케이션즈
299,야한 이모,2022-07-12,100000 ,0,20,1,한국,한국,(주)나우콘텐츠
299,임신하고 싶다는 며느리,2022-07-12,100000 ,0,20,1,한국,한국,(주)나우콘텐츠
299,엄마 교환,2022-07-25,100000 ,0,20,1,한국,한국,(주)나우콘텐츠
299,내 애인과 바꿔 맛본 친구 애인,2022-08-11,100000 ,0,20,1,한국,한국,(주)샤이커뮤니케이션즈
299,3대3 친구 애인 스와핑,2022-08-18,100000 ,0,20,1,한국,한국,(주)샤이커뮤니케이션즈
299,사이판 로맨스 섹스본능,2022-09-06,100000 ,0,20,1,한국,한국,(주)룬컴퍼니
299,막장 부부,2022-09-23,100000 ,0,20,1,한국,한국,(주)나우콘텐츠
299,처음인데 너무 아프게 하지 마,2022-09-08,100000 ,0,20,1,한국,한국,(주)샤이커뮤니케이션즈
299,나의 굿 섹스파트너,2022-09-05,100000 ,0,20,1,한국,한국,주식회사 바나나픽쳐스
299,거유녀의 섹스 취향,2022-09-15,100000 ,0,20,1,한국,한국,(주)샤이커뮤니케이션즈
299,서로 넣어달라 애원하는 여자들,2022-09-29,100000 ,0,20,1,한국,한국,(주)샤이커뮤니케이션즈
299,합의하에 삽입한 친구 여친,2022-09-30,100000 ,0,20,1,한국,한국,(주)샤이커뮤니케이션즈
299,새엄마와 딸,2022-10-04,100000 ,0,20,1,한국,한국,주식회사 바나나픽쳐스
299,위 아래로 거리낌 없이 삽입하는 친구들,2022-10-13,100000 ,0,20,1,한국,한국,(주)샤이커뮤니케이션즈
299,섹스의 여신,2022-01-06,100000 ,0,20,1,한국,한국,(주)샤이커뮤니케이션즈
299,가정부의 걸레질,2022-01-13,100000 ,0,20,1,한국,한국,(주)샤이커뮤니케이션즈
299,속살 깊숙이 위로해 주는 여동생,2022-01-20,100000 ,0,20,1,한국,한국,(주)샤이커뮤니케이션즈
299,퇴폐의 온상 은밀한 만남,2022-02-08,100000 ,0,20,1,한국,한국,(주)샤이커뮤니케이션즈
299,스릴 넘치는 그녀의 비밀 섹스,2022-02-22,100000 ,0,20,1,한국,한국,(주)샤이커뮤니케이션즈
299,몸으로 대출 갚는 유부녀,2022-02-08,100000 ,0,20,1,한국,한국,(주)뮤직엔닷컴
299,여직원의 직장 상사,2022-03-10,100000 ,0,20,1,한국,한국,(주)샤이커뮤니케이션즈
299,유부녀 훔친다 말하는 도둑!,2022-03-28,100000 ,0,20,1,한국,한국,(주)뮤직엔닷컴
299,배달의 만족 : 그여자의 자취방,2022-03-18,100000 ,0,20,1,한국,한국,(주)씨맥스커뮤니케이션즈
299,외로움에 벌어진 여자,2022-04-21,100000 ,0,20,1,한국,한국,(주)샤이커뮤니케이션즈
299,삼수생 길들여진 쾌락 과외,2022-04-08,100000 ,0,20,1,한국,한국,(주)씨맥스커뮤니케이션즈
299,온 가족 돌려먹기,2022-05-27,100000 ,0,20,1,한국,한국,(주)담화
299,못 참고 삽입한 그날,2022-05-05,100000 ,0,20,1,한국,한국,(주)샤이커뮤니케이션즈
299,유주얼 섹스펙트 그녀들의 은밀한 노하우,2022-05-30,100000 ,0,20,1,한국,한국,(주)뮤직엔닷컴
299,다른 남자의 물 빨아먹는 아내,2022-05-26,100000 ,0,20,1,한국,한국,(주)샤이커뮤니케이션즈
299,감금당한 여동생,2022-06-23,100000 ,0,20,1,한국,한국,(주)샤이커뮤니케이션즈
299,시아버지를 며느리가 후렸다,2022-06-30,100000 ,0,20,1,한국,한국,(주)뮤직엔닷컴
299,"헌 고추, 새 가지",2022-07-07,100000 ,0,20,1,한국,한국,(주)씨맥스커뮤니케이션즈
299,끝까지 빨아먹는 그녀,2022-07-07,100000 ,0,20,1,한국,한국,(주)샤이커뮤니케이션즈
299,작업 당한 아줌마,2022-07-28,100000 ,0,20,1,한국,한국,(주)샤이커뮤니케이션즈
299,선택! 새엄마와 여동생,2022-08-11,100000 ,0,20,1,한국,한국,(주)샤이커뮤니케이션즈
299,외로워하는 돌싱 이모의 젖은 속살,2022-08-25,100000 ,0,20,1,한국,한국,(주)샤이커뮤니케이션즈
299,과외 선생님을 후렸다,2022-08-25,100000 ,0,20,1,한국,한국,(주)뮤직엔닷컴
299,다 조카라 그래,2022-08-26,100000 ,0,20,1,한국,한국,블루커뮤니케이션
299,자매 펜션 : 펜션 맛집,2022-09-29,100000 ,0,20,1,한국,한국,(주)씨맥스커뮤니케이션즈
299,잘 안 벌려주는 신입 여직원,2022-09-01,100000 ,0,20,1,한국,한국,(주)샤이커뮤니케이션즈
299,친구 여친 꼬셔 몰래 삽입,2022-09-02,100000 ,0,20,1,한국,한국,(주)샤이커뮤니케이션즈
299,누나보다 맛있는 아줌마,2022-09-09,100000 ,0,20,1,한국,한국,(주)샤이커뮤니케이션즈
299,물 많은 아줌마의 비밀,2022-09-29,100000 ,0,20,1,한국,한국,(주)이십일세기미디어
299,저항할 수 없는 변태 감독님의 손길,2022-10-06,100000 ,0,20,1,한국,한국,(주)샤이커뮤니케이션즈
299,어제는 누나 오늘은 여동생,2022-10-14,100000 ,0,20,1,한국,한국,(주)샤이커뮤니케이션즈
477,차별,2023-03-22,126000 ,0,18,24,한국,한국,(주)디오시네마
478,작은연못,2022-11-17,140000 ,0,14,1,한국,한국,목영이엔엠
479,인생게임,2021-12-30,67000 ,0,13,2,한국,한국,(주)콘텐츠윙
480,보조바퀴,2021-11-25,104000 ,0,12,1,한국,한국,주식회사 필름초이스
481,컨버세이션,2023-02-23,68000 ,0,10,21,한국,한국,필름다빈
482,뜨거운 밤:여친의 여동생,2022-05-20,28000 ,0,7,6,한국,한국,(주)영진크리에이티브
482,처제의 맛,2022-04-08,28000 ,0,7,5,한국,한국,(주)영진크리에이티브
484,처제의 숨결,2022-10-18,6000 ,0,6,2,한국,한국,(주)케이알씨지
484,연애 빠진 섹스,2022-03-18,27000 ,0,6,5,한국,한국,(주)영진크리에이티브
484,맛있는 섹스- 심야의 정사,2022-07-04,6000 ,0,6,5,한국,한국,(주)케이알씨지
487,살색을 찍는 사람들,2022-06-03,25000 ,0,5,5,한국,한국,(주)영진크리에이티브
487,숙모관계,2022-09-02,25000 ,0,5,5,한국,한국,(주)영진크리에이티브
487,에스코트,2022-01-07,25000 ,0,5,5,한국,한국,(주)영진크리에이티브
487,깊숙이 들어온 색귀,2022-10-14,25000 ,0,5,5,한국,한국,영화사 산들바람
487,중독 섹스와 살인,2022-11-18,25000 ,0,5,5,한국,한국,영화사 산들바람
487,스물다섯 그리고 스물,2022-11-04,25000 ,0,5,5,한국,한국,(주)영진크리에이티브
487,모텔방에서 사는 여자,2022-02-04,26000 ,0,5,3,한국,한국,(주)영진크리에이티브
487,물오른 하숙집,2022-02-18,25000 ,0,5,5,한국,한국,(주)영진크리에이티브
487,내 안의 형수,2022-07-01,25000 ,0,5,5,한국,한국,(주)영진크리에이티브
487,중독:나쁜 남자,2022-08-12,25000 ,0,5,5,한국,한국,(주)영진크리에이티브
487,로그북,2021-11-24,36000 ,0,5,15,한국,한국,시네마 뉴원
487,최선의 삶,2021-09-01,33000 ,0,5,101,한국,한국,(주)엣나인필름
487,물터진 상속녀,2022-07-01,25000 ,0,5,5,한국,한국,(주)영진크리에이티브
487,죽여주는 여자,2022-09-02,25000 ,0,5,5,한국,한국,(주)영진크리에이티브
487,나에게 남은 섹스시간,2022-10-14,25000 ,0,5,5,한국,한국,(주)영진크리에이티브
487,이 죽일놈의 사정,2022-01-14,26000 ,0,5,5,한국,한국,(주)영진크리에이티브
487,떡정,2022-10-07,25000 ,0,5,5,한국,한국,(주)영진크리에이티브
487,섹스 인사이드,2022-11-18,25000 ,0,5,5,한국,한국,(주)영진크리에이티브
487,에로배우!!안할래!,2022-12-02,25000 ,0,5,5,한국,한국,(주)영진크리에이티브
487,달콤한 형수,2022-04-01,26000 ,0,5,5,한국,한국,(주)영진크리에이티브
487,자매사냥,2022-06-10,25000 ,0,5,5,한국,한국,(주)영진크리에이티브
487,첫경험의 비밀,2022-11-18,25000 ,0,5,5,한국,한국,(주)영진크리에이티브
509,잘하는 남동생,2022-03-09,2000 ,0,2,1,한국,한국,(주)영화사히트
509,일진 2,2022-06-25,20000 ,0,2,1,한국,한국,(주)드림팩트엔터테인먼트
509,너도 먹고 나도 먹고,2022-06-15,12000 ,0,2,1,한국,한국,(주)가온콘텐츠
509,끝내주는 찰떡궁합,2022-09-29,2000 ,0,2,2,한국,한국,(주)케이알씨지
509,발정난가족들,2022-03-07,2000 ,0,2,1,한국,한국,에이원 미디어
509,야설 에이에스엠알,2022-03-18,2000 ,0,2,1,한국,한국,(주)티에스앤컴퍼니
509,일진 3,2022-06-25,20000 ,0,2,1,한국,한국,(주)드림팩트엔터테인먼트
509,아내의 친구를 탐하지 말라,2022-11-24,2000 ,0,2,2,한국,한국,(주)케이알씨지
509,에이아이 섹스호텔,2022-02-18,2000 ,0,2,1,한국,한국,(주)픽쳐레스크
509,룸녀의 섹스스킬,2022-03-09,2000 ,0,2,1,한국,한국,(주)영화사히트
509,그놈의 오일마사지,2022-05-05,2000 ,0,2,1,한국,한국,(주)픽쳐레스크
509,신황제를 위하여,2022-12-19,20000 ,0,2,1,한국,한국,(주)제이앤씨미디어그룹
509,하연의 투샷,2022-03-09,2000 ,0,2,1,한국,한국,(주)영화사히트
509,채담의섹스일타강의,2022-04-22,2000 ,0,2,1,한국,한국,스마일컨텐츠
509,너도 먹고 나도 먹고 무삭제판,2022-06-15,12000 ,0,2,1,한국,한국,(주)가온콘텐츠
509,스와핑 세 여자의 목적,2022-05-04,2000 ,0,2,1,한국,한국,주식회사 루믹스미디어
509,섹스하우스 : 파트너 쉐어,2022-05-06,2000 ,0,2,1,한국,한국,(주)픽쳐레스크
526,할까말까,2022-01-11,1000 ,0,1,1,한국,한국,(주)영화사히트
526,달콤한 S교육,2022-01-14,1000 ,0,1,1,한국,한국,(주)영화사히트
526,암수 부부의 정사 노트,2022-01-28,5000 ,0,1,1,한국,한국,(주)이십일세기미디어
526,물오징어6969,2022-01-27,1000 ,0,1,1,한국,한국,(주)픽쳐레스크
526,레트로 6969,2022-02-08,1000 ,0,1,1,한국,한국,(주)티에스앤컴퍼니
526,맛있는 자매들,2022-03-09,1000 ,0,1,1,한국,한국,(주)영화사히트
526,수상한 새엄마,2022-03-09,1000 ,0,1,1,한국,한국,(주)영화사히트
526,꽉 물어주는 여자,2022-04-16,6000 ,0,1,1,한국,한국,(주)영화사가을
526,캐디의목적-무삭제,2022-04-02,1000 ,0,1,1,한국,한국,스마일컨텐츠
526,엄마친구 2022,2022-04-14,6000 ,0,1,1,한국,한국,(주)영화사가을
526,섹스소녀 17,2022-04-07,6000 ,0,1,1,한국,한국,케이엘 픽쳐스
526,범해진 아내의 순정,2022-04-07,5000 ,0,1,1,한국,한국,주식회사 플릭스코
526,옷 잘 벗는 가정부,2022-04-14,1000 ,0,1,1,한국,한국,주식회사 루믹스미디어
526,매력적인 큰 엄마,2022-04-30,6000 ,0,1,1,한국,한국,(주)영화사가을
526,하숙집 : 밥보다 섹스 맛집,2022-05-20,6000 ,0,1,1,한국,한국,(주)영화사가을
526,가족들의 이상한 근친,2022-05-20,5000 ,0,1,1,한국,한국,(주)이십일세기미디어
526,스와핑_잘 못 배달된 영계,2022-05-16,1000 ,0,1,1,한국,한국,주식회사 루믹스미디어
526,타부 : 잘못된 관계 무삭제,2022-06-20,6000 ,0,1,1,한국,한국,(주)영화사가을
526,맛 : 여자 알바생들,2022-06-28,6000 ,0,1,1,한국,한국,(주)영화사가을
526,섹시한 과외수업,2022-06-02,1000 ,0,1,1,한국,한국,(주)영화사히트
526,2대1 출장마사지,2022-06-21,5000 ,0,1,1,한국,한국,주식회사 루믹스미디어
526,뜨거운 액기스,2022-06-15,5000 ,0,1,1,한국,한국,(주)영화사히트
526,섹스소녀 18,2022-06-09,6000 ,0,1,1,한국,한국,케이엘 픽쳐스
526,2대1 여친 팔아먹기,2022-06-20,6000 ,0,1,1,한국,한국,(주)영화사가을
526,사무실 S파트너 무삭제판,2022-07-06,6000 ,0,1,1,한국,한국,(주)가온콘텐츠
526,의자매 섹스 스캔들,2022-07-22,6000 ,0,1,1,한국,한국,(주)메이크아트
526,섹스는 자신감,2022-07-22,6000 ,0,1,1,한국,한국,케이엘 픽쳐스
526,불륜은 비즈니스다 무삭제판,2022-08-31,6000 ,0,1,1,한국,한국,(주)가온콘텐츠
526,스와핑 돌려먹는 친구들,2022-08-18,1000 ,0,1,1,한국,한국,주식회사 루믹스미디어
526,열화옥문 무삭제판,2022-09-30,6000 ,0,1,1,한국,한국,(주)가온콘텐츠
526,열화옥문,2022-09-30,6000 ,0,1,1,한국,한국,(주)가온콘텐츠
526,매력적인 큰 엄마 무삭제,2022-10-10,6000 ,0,1,1,한국,한국,(주)영화사가을
526,82년생 임지영 무삭제,2022-10-11,6000 ,0,1,1,한국,한국,(주)영화사가을
526,잘하는옆집누나,2022-10-04,1000 ,0,1,1,한국,한국,스마일컨텐츠
526,속살 유혹 둔덕골 선녀,2022-10-06,6000 ,0,1,1,한국,한국,(주)이십일세기미디어
526,내 여자의 작은 구멍,2022-11-16,6000 ,0,1,1,한국,한국,주식회사 바나나픽쳐스
526,홀인원: 어서 와서 넣어줘요,2022-12-02,6000 ,0,1,1,한국,한국,(주)씨맥스커뮤니케이션즈
526,수상한 캠핑장 : MZ 아가씨들,2022-12-22,6000 ,0,1,1,한국,한국,주식회사 플릭스코
526,18 업소녀 서율의 섹스수업,2022-04-07,8000 ,0,1,1,한국,한국,케이엘 픽쳐스
526,붉은 앙마 리부트,2022-04-22,1000 ,0,1,1,한국,한국,(주)티에스앤컴퍼니
526,18 스토커 연지의 욕구불만,2022-04-27,6000 ,0,1,1,한국,한국,케이엘 픽쳐스
526,아낌없이 주는 처제,2022-04-22,5000 ,0,1,1,한국,한국,(주)영화사히트
526,맛 좋은 우리동네 아가씨들,2022-05-19,1000 ,0,1,1,한국,한국,주식회사 루믹스미디어
526,이웃집 유부녀,2022-06-03,5000 ,0,1,1,한국,한국,주식회사 플릭스코
526,4G 구멍놀이,2022-06-21,5000 ,0,1,1,한국,한국,블루커뮤니케이션
526,빚에 팔려온 친구아내,2022-06-30,5000 ,0,1,1,한국,한국,주식회사 플릭스코
526,꽉 물어주는 여자 무삭제,2022-07-18,6000 ,0,1,1,한국,한국,(주)영화사가을
526,어린여동생의 떡선물,2022-07-05,1000 ,0,1,1,한국,한국,(주)케이알씨지
526,섹스 사용설명서,2022-07-08,6000 ,0,1,1,한국,한국,케이엘 픽쳐스
526,은밀한 꽃꽂이,2022-07-15,1000 ,0,1,1,한국,한국,(주)티에스앤컴퍼니
526,스와핑 삽입의 기술,2022-07-12,1000 ,0,1,1,한국,한국,주식회사 루믹스미디어
526,하숙집 : 그녀들의 신음소리 3,2022-08-06,6000 ,0,1,1,한국,한국,(주)영화사가을
526,F컵여동생과의정사-무삭제,2022-08-10,1000 ,0,1,1,한국,한국,스마일컨텐츠
526,내 사장의 아내,2022-08-18,1000 ,0,1,1,한국,한국,P&미디어
526,마누라 바꿔먹기,2022-08-14,6000 ,0,1,1,한국,한국,(주)영화사가을
526,중고마켓 : 쎅파 구하기,2022-09-19,6000 ,0,1,1,한국,한국,(주)영화사가을
526,출장남 여대생 기숙사,2022-10-19,1000 ,0,1,1,한국,한국,주식회사 루믹스미디어
526,온몸으로 설계하는 D컵 보험왕,2022-10-26,1000 ,0,1,1,한국,한국,주식회사 루믹스미디어
526,가족여행 커플체인지,2022-11-04,6000 ,0,1,1,한국,한국,(주)룬컴퍼니
526,젊은마누라를 겁탈하라,2022-11-03,6000 ,0,1,1,한국,한국,(주)메이크아트
526,노래방 : 화끈한 여자들 3 무삭제,2022-11-02,6000 ,0,1,1,한국,한국,(주)영화사가을
526,지아의 황홀한 섹스,2022-11-18,1000 ,0,1,1,한국,한국,스마일컨텐츠
526,잘하는옆집누나-무삭제,2022-11-23,1000 ,0,1,1,한국,한국,스마일컨텐츠
526,MZ세대 쓰리섬,2022-11-23,1000 ,0,1,1,한국,한국,주식회사 루믹스미디어
526,위험한 파트너- 가정부,2022-12-30,1000 ,0,1,1,한국,한국,(주)케이알씨지
526,오피스 레이디 : 상사의 장난감,2022-12-16,1000 ,0,1,1,한국,한국,(주)픽쳐레스크
526,매춘 2021 무삭제,2022-01-25,6000 ,0,1,1,한국,한국,(주)영화사가을
526,숙모 무삭제판,2022-02-08,6000 ,0,1,1,한국,한국,영드래곤 미디어
526,물 많은 여동생,2022-03-08,6000 ,0,1,1,한국,한국,케이엘 픽쳐스
526,과격한 섹스,2022-03-08,6000 ,0,1,1,한국,한국,케이엘 픽쳐스
526,자연산C컵유정의오르가즘,2022-03-25,1000 ,0,1,1,한국,한국,스마일컨텐츠
526,물 많은 여자,2022-04-13,6000 ,0,1,1,한국,한국,(주)영화사가을
526,천신당 신음 공주,2022-04-02,5000 ,0,1,1,한국,한국,(주)코빈커뮤니케이션즈
526,섹스의 정석,2022-04-17,6000 ,0,1,1,한국,한국,케이엘 픽쳐스
526,학점 잘 주는 여교수,2022-04-22,6000 ,0,1,1,한국,한국,(주)영화사가을
526,올드와이프,2022-04-07,5000 ,0,1,1,한국,한국,주식회사 바나나픽쳐스
526,혐들의 은밀 보고서,2022-04-16,5000 ,0,1,1,한국,한국,(주)코빈커뮤니케이션즈
526,자매의 섹스수업,2022-04-21,6000 ,0,1,1,한국,한국,케이엘 픽쳐스
526,집사내일체,2022-04-22,5000 ,0,1,1,한국,한국,(주)영화사히트
526,시아버지가 내 안에 들어온 날,2022-05-07,6000 ,0,1,1,한국,한국,(주)영화사가을
526,당근에서 생긴 일,2022-05-24,1000 ,0,1,1,한국,한국,이돌영화사
526,유부녀의 사정일지,2022-06-03,5000 ,0,1,1,한국,한국,(주)이십일세기미디어
526,은밀한 이웃사촌,2022-06-03,5000 ,0,1,1,한국,한국,주식회사 바나나픽쳐스
526,옆집 흑형 : 사랑의 몽둥이,2022-06-06,6000 ,0,1,1,한국,한국,(주)영화사가을
526,잘세우는 과외선생,2022-06-06,5000 ,0,1,1,한국,한국,(주)영화사히트
526,윤율과 러시아 색녀,2022-06-24,6000 ,0,1,1,한국,한국,(주)메이크아트
526,사무실 S파트너,2022-07-06,6000 ,0,1,1,한국,한국,(주)가온콘텐츠
526,어린 하녀의 목적,2022-07-14,1000 ,0,1,1,한국,한국,(주)케이알씨지
526,2대2 할래?,2022-07-25,6000 ,0,1,1,한국,한국,(주)영화사가을
526,여대생 노래방,2022-08-05,1000 ,0,1,1,한국,한국,P&미디어
526,18학번 박아라,2022-08-24,1000 ,0,1,1,한국,한국,주식회사 루믹스미디어
526,방과후 2대1 특별수업,2022-08-31,1000 ,0,1,1,한국,한국,주식회사 루믹스미디어
526,친구부부와 2대2,2022-09-13,6000 ,0,1,1,한국,한국,(주)영화사가을
526,고급창녀2,2022-10-19,1000 ,0,1,1,한국,한국,(주)케이알씨지
526,요분질하다 들켜버린 아내친구,2022-10-27,6000 ,0,1,1,한국,한국,주식회사 플릭스코
526,오피스텔 여대생들 무삭제,2022-11-30,6000 ,0,1,1,한국,한국,(주)영화사가을
526,가정집 안마방 특별한 서비스,2022-11-17,1000 ,0,1,1,한국,한국,주식회사 루믹스미디어
526,입사동기,2022-11-29,6000 ,0,1,1,한국,한국,주식회사 플릭스코
526,음란산장 : 수상한 약장수,2022-12-15,6000 ,0,1,1,한국,한국,주식회사 플릭스코
526,밀애 2021 무삭제,2022-01-20,6000 ,0,1,1,한국,한국,(주)영화사가을
526,스와핑 : 옆집 신혼부부 무삭제,2022-01-24,6000 ,0,1,1,한국,한국,(주)영화사가을
526,엔티알 누드모델,2022-01-11,1000 ,0,1,1,한국,한국,(주)픽쳐레스크
526,쓰리썸 : 여비서와 아내,2022-07-11,6000 ,0,1,1,한국,한국,(주)영화사가을
526,흑형의 매운 맛,2022-07-09,6000 ,0,1,1,한국,한국,(주)영화사가을
526,여기가 바로 섹스 맛집,2022-07-08,5000 ,0,1,1,한국,한국,주식회사 바나나픽쳐스
526,드디어 다리 벌린 누나,2022-07-27,6000 ,0,1,1,한국,한국,록엔터테인먼트(주)
526,친구 섹스파트너 만들기,2022-07-28,6000 ,0,1,1,한국,한국,록엔터테인먼트(주)
526,수상한 상담사,2022-08-19,1000 ,0,1,1,한국,한국,(주)티에스앤컴퍼니
526,2대1 출장녀,2022-08-21,6000 ,0,1,1,한국,한국,(주)영화사가을
526,엄마친구 2022 무삭제,2022-08-20,6000 ,0,1,1,한국,한국,(주)영화사가을
526,69복싱클럽,2022-10-21,1000 ,0,1,1,한국,한국,(주)티에스앤컴퍼니
526,하숙집 : 밥보다 섹스 맛집 무삭제,2022-11-28,6000 ,0,1,1,한국,한국,(주)영화사가을
526,하숙집 : 굶주린 늑대들 2 무삭제,2022-11-10,6000 ,0,1,1,한국,한국,(주)영화사가을
526,수리기사 : 여자도 고쳐요,2022-11-15,6000 ,0,1,1,한국,한국,(주)영화사가을
526,발칙한 부부성생활,2022-11-10,6000 ,0,1,1,한국,한국,주식회사 플릭스코
526,옷 잘 벗는 가정부2,2022-11-30,1000 ,0,1,1,한국,한국,주식회사 루믹스미디어
526,입양딸 : 여자가 되다,2022-12-02,6000 ,0,1,1,한국,한국,(주)영화사가을
526,몸으로 하는 이모의 영업 비밀,2022-12-28,1000 ,0,1,1,한국,한국,와이제이스토리
526,옆집남자 왕성기,2022-12-15,1000 ,0,1,1,한국,한국,주식회사 루믹스미디어
526,아워 미드나잇,2021-11-11,5000 ,0,1,50,한국,한국,필름다빈
526,스와핑 : 여자 헬스 트레이너 무삭제,2022-01-24,6000 ,0,1,1,한국,한국,(주)영화사가을
526,예리의 첫경험,2022-01-30,6000 ,0,1,1,한국,한국,(주)영화사가을
526,룸싸롱 알바생 무삭제,2022-01-18,6000 ,0,1,1,한국,한국,(주)영화사가을
526,꼬여버린 섹파들,2022-01-11,1000 ,0,1,1,한국,한국,(주)영화사히트
526,섹시한 과외선생,2022-01-14,1000 ,0,1,1,한국,한국,(주)영화사히트
526,두 번째 엄마2: 엄마의 손님,2022-01-20,1000 ,0,1,1,한국,한국,(주)케이알씨지
526,처제 : 언니한텐 비밀이야,2022-02-20,6000 ,0,1,1,한국,한국,(주)영화사가을
526,내 아내의 언니 5,2022-02-05,6000 ,0,1,1,한국,한국,(주)영화사가을
526,섹탐나는 그녀,2022-02-24,6000 ,0,1,1,한국,한국,케이엘 픽쳐스
526,비대면 정사 무삭제판,2022-03-01,6000 ,0,1,1,한국,한국,영드래곤 미디어
526,초대받은 배달부 2,2022-03-08,6000 ,0,1,1,한국,한국,영드래곤 미디어
526,나는 에로배우다,2022-03-10,6000 ,0,1,1,한국,한국,케이엘 픽쳐스
526,환생한 섹스 9단,2022-03-24,5000 ,0,1,1,한국,한국,주식회사 바나나픽쳐스
526,엄마 몰래 집에서 섹스하는 10가지 방법,2022-03-24,5000 ,0,1,1,한국,한국,주식회사 바나나픽쳐스
526,짜짜루 빡치다,2022-03-29,1000 ,0,1,1,한국,한국,이돌영화사
526,맛 : 엄마친구 무삭제,2022-04-01,6000 ,0,1,1,한국,한국,(주)영화사가을
526,힐링하우스 : 섹스의 왕국,2022-05-10,6000 ,0,1,1,한국,한국,(주)가온콘텐츠
526,몰래 하는 조건정사,2022-05-05,6000 ,0,1,1,한국,한국,케이엘 픽쳐스
526,두 집 살림,2022-05-06,5000 ,0,1,1,한국,한국,주식회사 바나나픽쳐스
526,대가리3-일진후배들,2022-06-24,10000 ,0,1,1,한국,한국,(주)케이알씨지
526,오늘의 날씨 젖음,2022-06-17,1000 ,0,1,1,한국,한국,(주)티에스앤컴퍼니
526,몸으로 간호하는 출장간호사,2022-06-02,1000 ,0,1,1,한국,한국,주식회사 루믹스미디어
526,연상의 친구애인,2022-06-15,5000 ,0,1,1,한국,한국,(주)영화사히트
526,결혼 전 맛보기,2022-06-09,6000 ,0,1,1,한국,한국,케이엘 픽쳐스
526,몸빵녀,2022-07-28,6000 ,0,1,1,한국,한국,(주)영화사가을
526,하숙집 처녀의 휴지통,2022-07-06,1000 ,0,1,1,한국,한국,(주)케이알씨지
526,여사친 정복하기,2022-09-15,6000 ,0,1,1,한국,한국,케이엘 픽쳐스
526,7일간의 스와핑,2022-09-05,6000 ,0,1,1,한국,한국,(주)영화사가을
526,내아내의여제자_무삭제,2022-09-07,1000 ,0,1,1,한국,한국,스마일컨텐츠
526,안방으로 찾아가는 출장남,2022-09-14,1000 ,0,1,1,한국,한국,주식회사 루믹스미디어
526,여직원 돌려먹기,2022-09-16,6000 ,0,1,1,한국,한국,(주)메이크아트
526,여대생 첫경험,2022-09-28,1000 ,0,1,1,한국,한국,주식회사 루믹스미디어
526,새아빠와모녀2,2022-10-18,6000 ,0,1,1,한국,한국,(주)디에이치미디어
526,애인교환커플섹스-무삭제,2022-10-19,1000 ,0,1,1,한국,한국,스마일컨텐츠
526,전망 좋은 요트 : 천국으로 가는 요트,2022-11-04,6000 ,0,1,1,한국,한국,(주)씨맥스커뮤니케이션즈
526,XX 니들은 하지마라 결혼,2022-11-16,6000 ,0,1,1,한국,한국,주식회사 바나나픽쳐스
526,3대 1은 처음이지?,2022-11-09,1000 ,0,1,1,한국,한국,주식회사 루믹스미디어
526,매니저 오빠에게 당하는 어린 알바들,2022-12-21,1000 ,0,1,1,한국,한국,주식회사 루믹스미디어
526,자지만 말구요,2022-01-03,6000 ,0,1,1,한국,한국,(주)영화사가을
526,우리 바꿔서 할래요?(감독판),2022-01-03,6000 ,0,1,1,한국,한국,(주)더레드엔터테인먼트
526,몰래 보는 불륜섹스,2022-02-14,6000 ,0,1,1,한국,한국,케이엘 픽쳐스
526,슬기로운 섹스생활,2022-02-24,6000 ,0,1,1,한국,한국,케이엘 픽쳐스
526,남편보다 힘쎈 택배기사 무삭제,2022-02-15,6000 ,0,1,1,한국,한국,(주)영화사가을
526,하숙집 2021 무삭제,2022-04-25,6000 ,0,1,1,한국,한국,(주)영화사가을
526,조금은 서툰 20대 소라,2022-04-13,6000 ,0,1,1,한국,한국,(주)영화사가을
526,잘 싸는 예쁜 누나,2022-04-07,6000 ,0,1,1,한국,한국,케이엘 픽쳐스
526,대리모 : 위험한 관계,2022-09-23,1000 ,0,1,1,한국,한국,(주)티에스앤컴퍼니
526,시아버지가 내 안에 들어온 날 무삭제,2022-10-23,6000 ,0,1,1,한국,한국,(주)영화사가을
526,흑형의 매운 맛 무삭제,2022-10-15,6000 ,0,1,1,한국,한국,(주)영화사가을
526,사이판 로맨스 복수의 칼,2022-10-14,6000 ,0,1,1,한국,한국,(주)룬컴퍼니
526,배달 마사지2,2022-10-05,1000 ,0,1,1,한국,한국,주식회사 루믹스미디어
526,더 인턴:여상사의 세가지 맛,2022-10-22,1000 ,0,1,1,한국,한국,P&미디어
526,숫처녀의 조건만남 무삭제판,2022-11-10,6000 ,0,1,1,한국,한국,(주)가온콘텐츠
526,숫처녀의 조건만남,2022-11-10,6000 ,0,1,1,한국,한국,(주)가온콘텐츠
526,내 학생의 엄마 6 무삭제,2022-12-26,6000 ,0,1,1,한국,한국,(주)영화사가을
526,여직원들 : 점심대신 떡,2022-12-02,6000 ,0,1,1,한국,한국,(주)영화사가을
526,이대일 : 그녀들의 희망사항,2022-12-12,6000 ,0,1,1,한국,한국,(주)영화사가을
526,2대1 돈 많은 남자 후리기,2022-12-26,6000 ,0,1,1,한국,한국,(주)영화사가을
526,BJ여동생의 VIP 팬방 : 내 동생이 벗방에 초대 됐다,2022-12-28,1000 ,0,1,1,한국,한국,와이제이스토리
526,수지의전라실제정사,2022-12-20,1000 ,0,1,1,한국,한국,스마일컨텐츠
526,캠핑장 변태 여주인,2022-12-22,6000 ,0,1,1,한국,한국,주식회사 플릭스코
526,굶주린 누나들,2022-12-31,1000 ,0,1,1,한국,한국,P&미디어
526,처제의 섹스과외,2022-01-08,6000 ,0,1,1,한국,한국,(주)영화사가을
526,미호의 29금 실제정사,2022-01-15,6000 ,0,1,1,한국,한국,(주)영화사가을
526,여대생들 : 스폰을 찾아서 무삭제,2022-01-18,6000 ,0,1,1,한국,한국,(주)영화사가을
526,유부녀들 : 스와핑의 맛 무삭제,2022-01-19,6000 ,0,1,1,한국,한국,(주)영화사가을
526,연주의 섹스파트너,2022-01-30,5000 ,0,1,1,한국,한국,P&미디어
526,맛좋을 때 : 화양연화,2022-02-21,6000 ,0,1,1,한국,한국,(주)가온콘텐츠
526,전설의 텍사스 일공주,2022-03-23,5000 ,0,1,1,한국,한국,(주)이십일세기미디어
526,여대생 명기가 따로없네,2022-03-31,1000 ,0,1,1,한국,한국,주식회사 루믹스미디어
526,미망인의 역습,2022-03-21,5000 ,0,1,1,한국,한국,(주)코빈커뮤니케이션즈
526,젖 큰 가정교사와 이대일,2022-04-07,1000 ,0,1,1,한국,한국,주식회사 루믹스미디어
526,천국의 문 복상사,2022-04-07,5000 ,0,1,1,한국,한국,주식회사 바나나픽쳐스
526,옆집누나 옆집여자,2022-04-16,5000 ,0,1,1,한국,한국,블루커뮤니케이션
526,새엄마 하숙집 무삭제,2022-05-02,6000 ,0,1,1,한국,한국,(주)영화사가을
526,처제의 섹스과외 무삭제,2022-05-16,6000 ,0,1,1,한국,한국,(주)영화사가을
526,자지만 말구요 무삭제,2022-05-15,6000 ,0,1,1,한국,한국,(주)영화사가을
526,노래방 유부녀들,2022-05-12,6000 ,0,1,1,한국,한국,(주)영화사가을
526,엔티알 웨딩,2022-05-20,1000 ,0,1,1,한국,한국,(주)티에스앤컴퍼니
526,남의 여자,2022-05-06,5000 ,0,1,1,한국,한국,주식회사 바나나픽쳐스
526,F컵여동생과의정사,2022-05-20,1000 ,0,1,1,한국,한국,스마일컨텐츠
526,자연산C컵유정의오르가즘-무삭제,2022-05-25,1000 ,0,1,1,한국,한국,스마일컨텐츠
526,2대 1 첫경험,2022-05-30,6000 ,0,1,1,한국,한국,(주)영화사가을
526,섹스 이용권,2022-06-04,6000 ,0,1,1,한국,한국,케이엘 픽쳐스
526,순진한여자친구와첫경험-무삭제,2022-06-15,1000 ,0,1,1,한국,한국,에이원 미디어
526,2대1 섹스 배달부,2022-06-20,6000 ,0,1,1,한국,한국,(주)영화사가을
526,음란캠핑장 장박녀들,2022-06-23,5000 ,0,1,1,한국,한국,주식회사 플릭스코
526,처제 : 언니한텐 비밀이야 무삭제,2022-07-05,6000 ,0,1,1,한국,한국,(주)영화사가을
526,여자 배달부,2022-07-18,6000 ,0,1,1,한국,한국,(주)영화사가을
526,절정의 맛,2022-07-08,5000 ,0,1,1,한국,한국,주식회사 바나나픽쳐스
526,내아내의여제자,2022-07-26,1000 ,0,1,1,한국,한국,스마일컨텐츠
526,음부 마찰 미치는 유부녀들,2022-07-28,5000 ,0,1,1,한국,한국,(주)이십일세기미디어
526,섹스의 장인,2022-08-03,6000 ,0,1,1,한국,한국,케이엘 픽쳐스
526,계부에 빠진 딸,2022-08-28,6000 ,0,1,1,한국,한국,(주)영화사가을
526,예리의 첫경험 무삭제,2022-09-06,6000 ,0,1,1,한국,한국,(주)영화사가을
526,애인교환커플섹스,2022-09-09,1000 ,0,1,1,한국,한국,스마일컨텐츠
526,위험한 산장 : 거유전쟁,2022-10-21,1000 ,0,1,1,한국,한국,(주)픽쳐레스크
526,내 친구의 아내 2022,2022-10-31,6000 ,0,1,1,한국,한국,(주)영화사가을
526,흑형의 맛 : 울부짖는 여자들 무삭제,2022-11-07,6000 ,0,1,1,한국,한국,(주)영화사가을
526,어린 초대녀와 쓰리섬,2022-12-08,1000 ,0,1,1,한국,한국,주식회사 루믹스미디어
526,룸싸롱 : 맛있는 서비스 3 무삭제,2022-01-19,6000 ,0,1,1,한국,한국,(주)영화사가을
526,아빠의 여자친구,2022-01-14,1000 ,0,1,1,한국,한국,(주)영화사히트
526,순진한여자친구와첫경험,2022-02-11,1000 ,0,1,1,한국,한국,에이원 미디어
526,밀애 : 친구엄마 3 무삭제,2022-04-12,6000 ,0,1,1,한국,한국,(주)영화사가을
526,물 많은 여자 무삭제,2022-04-12,6000 ,0,1,1,한국,한국,(주)영화사가을
526,젖 큰 이웃집 세자매,2022-05-26,1000 ,0,1,1,한국,한국,주식회사 루믹스미디어
526,대가리,2022-06-24,10000 ,0,1,1,한국,한국,(주)케이알씨지
526,멜로는 정사다,2022-06-03,6000 ,0,1,1,한국,한국,케이엘 픽쳐스
526,술 취한 친구아내,2022-06-03,5000 ,0,1,1,한국,한국,주식회사 바나나픽쳐스
526,돌려먹는 젖 큰 그녀들,2022-06-14,5000 ,0,1,1,한국,한국,주식회사 루믹스미디어
526,대물 형부 젖 큰 처제,2022-01-11,1000 ,0,1,1,한국,한국,주식회사 루믹스미디어
526,잘세우는 여선생,2022-01-11,1000 ,0,1,1,한국,한국,(주)영화사히트
526,맛좋을 때 : 화양연화 무삭제판,2022-03-03,6000 ,0,1,1,한국,한국,(주)가온콘텐츠
526,이웃사촌끼리,2022-03-09,1000 ,0,1,1,한국,한국,(주)영화사히트
526,구멍의 선택,2022-03-21,5000 ,0,1,1,한국,한국,블루커뮤니케이션
526,화냥녀,2022-03-25,1000 ,0,1,1,한국,한국,(주)픽쳐레스크
526,스와핑 : 맛있는 자매 무삭제,2022-04-08,6000 ,0,1,1,한국,한국,(주)영화사가을
526,폼나게 싸라,2022-04-07,6000 ,0,1,1,한국,한국,케이엘 픽쳐스
526,배달녀 남자의 로망,2022-04-21,5000 ,0,1,1,한국,한국,주식회사 루믹스미디어
526,배달 마사지,2022-04-28,5000 ,0,1,1,한국,한국,주식회사 루믹스미디어
526,보지만 말고 넣어 무삭제,2022-05-03,6000 ,0,1,1,한국,한국,(주)영화사가을
526,40대 미씨의 성생활,2022-05-23,6000 ,0,1,1,한국,한국,(주)영화사가을
526,맛있는 마사지,2022-05-10,6000 ,0,1,1,한국,한국,(주)가온콘텐츠
526,흑형의 맛 : 울부짖는 여자들,2022-05-13,6000 ,0,1,1,한국,한국,(주)영화사가을
526,내 아내의 언니 5 무삭제,2022-06-10,6000 ,0,1,1,한국,한국,(주)영화사가을
526,어린 며느리 길들이기,2022-06-09,5000 ,0,1,1,한국,한국,주식회사 루믹스미디어
526,엄마친구 8,2022-07-04,6000 ,0,1,1,한국,한국,(주)영화사가을
526,섹스소녀 19,2022-07-14,6000 ,0,1,1,한국,한국,케이엘 픽쳐스
526,스와핑 맛 본 여자들,2022-07-20,1000 ,0,1,1,한국,한국,주식회사 루믹스미디어
526,불륜은 비즈니스다,2022-08-31,6000 ,0,1,1,한국,한국,(주)가온콘텐츠
526,빨간 맛 그녀,2022-08-19,6000 ,0,1,1,한국,한국,케이엘 픽쳐스
526,장난스런 섹스,2022-08-03,1000 ,0,1,1,한국,한국,(주)영화사히트
526,엄마 몰래 집에서 섹스하는 10가지 방법 무삭제,2022-08-04,5000 ,0,1,1,한국,한국,주식회사 바나나픽쳐스
526,사위 사랑은 장모 3,2022-08-06,6000 ,0,1,1,한국,한국,(주)영화사가을
526,잘빠진 며늘아기,2022-08-05,1000 ,0,1,1,한국,한국,(주)영화사히트
526,큰거 좋아하는 새엄마,2022-08-04,1000 ,0,1,1,한국,한국,(주)영화사히트
526,불륜이지만 괜찮아,2022-08-23,1000 ,0,1,1,한국,한국,(주)영화사히트
526,쏘 핫 : 싱글지옥,2022-08-29,1000 ,0,1,1,한국,한국,(주)픽쳐레스크
526,이웃집 세 여자의 맛,2022-09-21,1000 ,0,1,1,한국,한국,주식회사 루믹스미디어
526,남자의 로망 : 2대1,2022-10-17,6000 ,0,1,1,한국,한국,(주)영화사가을
526,초대받은 배달부 2 무삭제판,2022-10-18,6000 ,0,1,1,한국,한국,영드래곤 미디어
526,40대 미씨의 성생활 무삭제,2022-12-06,6000 ,0,1,1,한국,한국,(주)영화사가을
526,2대 1 첫경험 무삭제,2022-12-05,6000 ,0,1,1,한국,한국,(주)영화사가을
526,옆집 흑형 : 사랑의 몽둥이 무삭제,2022-12-19,6000 ,0,1,1,한국,한국,(주)영화사가을
526,아내의 몸빵 무삭제,2022-01-26,6000 ,0,1,1,한국,한국,(주)영화사가을
526,신입 여비서,2021-12-24,5000 ,0,1,1,한국,한국,주식회사 플릭스코
526,82년생 임지영,2022-01-30,6000 ,0,1,1,한국,한국,(주)영화사가을
526,엄친딸 : 2대1 사랑 나누기 무삭제,2022-01-15,6000 ,0,1,1,한국,한국,(주)영화사가을
526,파이널 싸움의 기술,2022-01-21,6000 ,0,1,1,한국,한국,(주)영화사 사계절
526,타부 : 잘못된 관계,2022-02-12,6000 ,0,1,1,한국,한국,(주)영화사가을
526,꾼들의 삽입 법칙,2022-02-04,5000 ,0,1,1,한국,한국,(주)이십일세기미디어
526,내 여친은 에로배우 무삭제판,2022-02-22,6000 ,0,1,1,한국,한국,영드래곤 미디어
526,섹시한지현의뽀얀속살-무삭제,2022-02-16,1000 ,0,1,1,한국,한국,스마일컨텐츠
526,나쁜 처제 3 무삭제,2022-03-24,6000 ,0,1,1,한국,한국,(주)영화사가을
526,연상의 맛,2022-03-10,1000 ,0,1,1,한국,한국,마법사필름
526,돌려먹기 : 형님 먼저 무삭제,2022-04-15,6000 ,0,1,1,한국,한국,(주)영화사가을
526,조금은 서툰 20대 소라 무삭제,2022-04-12,6000 ,0,1,1,한국,한국,(주)영화사가을
526,섹스소녀 16,2022-04-04,6000 ,0,1,1,한국,한국,케이엘 픽쳐스
526,처제와의 비밀정사,2022-04-07,5000 ,0,1,1,한국,한국,주식회사 플릭스코
526,차이나는 형수님,2022-04-22,5000 ,0,1,1,한국,한국,(주)영화사히트
526,촉촉한 형수 무삭제,2022-05-09,6000 ,0,1,1,한국,한국,(주)영화사가을
526,하숙집 : 굶주린 늑대들 2,2022-05-27,6000 ,0,1,1,한국,한국,(주)영화사가을
526,나만의 완벽한 섹스토이,2022-05-23,1000 ,0,1,1,한국,한국,(주)픽쳐레스크
526,동정의 맛,2022-05-07,6000 ,0,1,1,한국,한국,케이엘 픽쳐스
526,섹스가 체질,2022-05-06,6000 ,0,1,1,한국,한국,케이엘 픽쳐스
526,여직원의 은밀한 조건만남,2022-05-12,1000 ,0,1,1,한국,한국,주식회사 루믹스미디어
526,대가리2-학교무림,2022-06-24,10000 ,0,1,1,한국,한국,(주)케이알씨지
526,매력적인 장모님 2,2022-06-13,6000 ,0,1,1,한국,한국,(주)영화사가을
526,채담의섹스일타강의-무삭제,2022-06-22,1000 ,0,1,1,한국,한국,스마일컨텐츠
526,볼빨간 새엄마,2022-06-06,5000 ,0,1,1,한국,한국,(주)영화사히트
526,6교시 섹스교실,2022-06-28,1000 ,0,1,1,한국,한국,주식회사 루믹스미디어
526,형수의 벌어진 꽃잎,2022-07-21,5000 ,0,1,1,한국,한국,(주)이십일세기미디어
526,비밀 : 친구와 쓰리썸,2022-07-31,6000 ,0,1,1,한국,한국,(주)영화사가을
526,귀천도애,2022-08-04,5000 ,0,1,1,한국,한국,주식회사 바나나픽쳐스
